Time,Country_name,GDP_per_capita,GDP_growth,FDI_pct_GDP,CO2_emissions_kt,Forest_area_sqkm,REC_pct_TFEC,Rule_of_Law,Control_of_Corruption,Government_Effectiveness,Exports_of_GS,Manufactures_exports_pct_ME,Merchandise_exports_USdol,Tax_revenue_pct_GDP,Trade_pct_GDP,Life_expectancy_at_birth,DGGHE,Physicians,Country_flag
2008,Canada,1783.178216,3.789392864,1.282627631,67991.6,165436.2,3.83,1.213573839,1.317986846,1.621422529,41.16256799,15.47316433,6451,18.79265564,8.676626246,78.484,2.9338761,1.389,https://drive.google.com/file/d/1RPqE576MOpu0josWZrTLKR1K_89dm0Jn/view?usp=drive_link
2009,Canada,4671.555759,1.42891986,4.515137142,55553.2,3474181.62,21.3,1.796393368,1.987721443,1.782482386,34.39555527,46.25459461,456471,12.39165596,67.23683619,8.724634146,6.716221,1.959,https://drive.google.com/file/d/1RPqE576MOpu0josWZrTLKR1K_89dm0Jn/view?usp=drive_link
2010,Canada,64321.67448,-0.512167448,0.621153857,5127.7,5835.12,18.54,1.95456263,2.376488154,2.241359234,54.17579741,63.34581974,116923,33.42154793,14.82822994,78.44634146,7.99141836,3.5768,https://drive.google.com/file/d/1RPqE576MOpu0josWZrTLKR1K_89dm0Jn/view?usp=drive_link
2011,Canada,45515.96175,0.254945961,2.32491389,358211.2,161928,1.6,1.496273756,1.39534794,1.574343332,28.11938486,77.54278317,61624,22.52399643,57.39782886,81.21463415,7.4163928,3.4156,https://drive.google.com/file/d/1RPqE576MOpu0josWZrTLKR1K_89dm0Jn/view?usp=drive_link
2012,Canada,915.9989157,0.232282745,0.266291327,1411.7,36853.1,79.87,-0.999996345,-1.683662891,-0.624475121,22.67457553,36.48321495,51,14.69539047,57.57859865,59.614,1.1541376,0.1664,https://drive.google.com/file/d/1RPqE576MOpu0josWZrTLKR1K_89dm0Jn/view?usp=drive_link
2013,Canada,45612.71622,0.959879134,0.826534114,78969.4,11398,1.25,1.734261936,1.745895863,1.514553713,43.79919258,83.32614468,1446171,11.47231889,81.52484731,79.73658537,7.7165823,3.5863,https://drive.google.com/file/d/1RPqE576MOpu0josWZrTLKR1K_89dm0Jn/view?usp=drive_link
2014,Canada,1119.821568,1.143584587,2.684438333,459548.1,67239.18,9.77,-0.68928355,-0.398498889,0.166899649,27.71495828,72.88653733,291265,1.237674139,57.77739296,74.152,2.61655521,1.9494,https://drive.google.com/file/d/1RPqE576MOpu0josWZrTLKR1K_89dm0Jn/view?usp=drive_link
2015,Canada,2135.428626,3.129848728,1.681832293,514924.5,6448,1.6,0.865456762,0.425825892,0.994486928,47.6418853,86.55185554,4227,14.4952,95.51635243,79.51773177,3.95238,1.847,https://drive.google.com/file/d/1RPqE576MOpu0josWZrTLKR1K_89dm0Jn/view?usp=drive_link
2016,Canada,9753.547838,0.481919541,4.426283769,36872.8,12142,58.45,1.957786566,1.891875744,1.832813626,46.21818987,17.14719977,171764,27.76439895,74.78527993,8.592682927,6.69777393,3.9526,https://drive.google.com/file/d/1RPqE576MOpu0josWZrTLKR1K_89dm0Jn/view?usp=drive_link
2017,Canada,6251.877175,3.191438863,3.126866269,427111.7,174868.9,9.9,0.541776139,0.153828725,0.332178533,32.25467367,51.57798862,8782,24.32289877,65.9745238,56.22,3.38493657,0.77395,https://drive.google.com/file/d/1RPqE576MOpu0josWZrTLKR1K_89dm0Jn/view?usp=drive_link
2018,Canada,3551.722231,0.887674558,4.541242337,324274.2,18255.58,9.74,1.183748126,1.178771973,0.912531829,25.62392917,72.96513186,281493,13.79947141,55.98333437,81.17569757,6.1428566,3.536,https://drive.google.com/file/d/1RPqE576MOpu0josWZrTLKR1K_89dm0Jn/view?usp=drive_link
2019,Canada,47432.87997,-0.154344315,8.645343155,515335.6,338,2.4,1.696649432,1.668943454,1.63486633,27.38515448,67.97288974,477475,26.43933856,56.45288145,79.6,7.3438386,2.5543,https://drive.google.com/file/d/1RPqE576MOpu0josWZrTLKR1K_89dm0Jn/view?usp=drive_link
2020,Canada,1182.865647,-1.118372364,8.82978719,6545.6,166344.4,31.53,1.194948557,1.321234822,1.137571573,37.1156348,12.94744793,55463,14.65865653,66.68639631,78.741,3.37831378,1.294,https://drive.google.com/file/d/1RPqE576MOpu0josWZrTLKR1K_89dm0Jn/view?usp=drive_link
2021,Canada,4876.311543,-2.925955647,1.524131188,521399.4,347371.86,21.94,1.796726736,2.517966747,1.742833119,28.51583432,48.98326162,31694,12.34385955,58.47439182,81.66975698,7.5231753,2.40277,https://drive.google.com/file/d/1RPqE576MOpu0josWZrTLKR1K_89dm0Jn/view?usp=drive_link
2022,Canada,58163.63853,-4.965477297,1.173895121,47933.6,585.1,19.33,1.917127132,2.435494423,2.22867893,47.12673465,64.57932746,93984,33.18383923,89.75539294,78.59756976,9.153983,3.6488,https://drive.google.com/file/d/1RPqE576MOpu0josWZrTLKR1K_89dm0Jn/view?usp=drive_link
2008,Chile,41737.76355,-2.873313828,0.682164916,343882.5,16359,11.32,1.445757314,1.429969318,1.477544767,24.83554721,78.6176128,484781,2.714276847,5.462458573,81.41463415,7.9786454,3.3693,https://drive.google.com/file/d/1Brx8llOYc1hU_DA9w00vzFaYP9tb8WcL/view?usp=drive_link
2009,Chile,149.1217942,3.369398163,0.274534239,12424.4,3658.25,77.61,-1.226454735,-1.77391413,-0.664479375,18.77494549,36.43956175,4463,14.69539047,45.94519181,6.365,1.4598949,0.1686,https://drive.google.com/file/d/1Brx8llOYc1hU_DA9w00vzFaYP9tb8WcL/view?usp=drive_link
2010,Chile,4165.36783,-5.693836336,1.662198335,73485.5,11435,1.72,1.648672224,1.746213367,1.575192434,38.1199694,83.94575325,11241,11.61493754,71.2287129,79.83658537,8.5175571,3.6638,https://drive.google.com/file/d/1Brx8llOYc1hU_DA9w00vzFaYP9tb8WcL/view?usp=drive_link
2011,Chile,814.9225732,-5.285744137,2.183395596,448372.5,67871.14,9.17,-0.562868834,-0.365961212,0.141515777,27.15499933,74.69917738,229712,9.679796263,55.96776976,74.119,2.8667653,1.979,https://drive.google.com/file/d/1Brx8llOYc1hU_DA9w00vzFaYP9tb8WcL/view?usp=drive_link
2012,Chile,19143.85165,0.79269899,0.955768594,526639.5,63959,1.21,0.994238853,0.499742419,1.248161554,45.18535191,88.78819333,363534,13.65964448,86.13361937,79.96829268,3.42186928,1.9185,https://drive.google.com/file/d/1Brx8llOYc1hU_DA9w00vzFaYP9tb8WcL/view?usp=drive_link
2013,Chile,8347.144158,-1.943646955,2.225859268,37439.3,12131,56.72,1.873499155,1.984983444,1.837695295,39.81149723,21.12464444,116778,25.84735411,67.46431546,8.795121951,7.66199112,4.495,https://drive.google.com/file/d/1Brx8llOYc1hU_DA9w00vzFaYP9tb8WcL/view?usp=drive_link
2014,Chile,6444.18673,-1.538891353,2.312174747,44354,17454.9,9.37,0.724237669,0.125426695,0.318767512,24.98274649,46.8147315,61677,21.89487436,49.58753533,57.447,3.8475187,0.77395,https://drive.google.com/file/d/1Brx8llOYc1hU_DA9w00vzFaYP9tb8WcL/view?usp=drive_link
2015,Chile,32169.52855,-3.763174245,0.642941124,288131.2,1841.99,12.21,1.156228396,1.549489157,0.941682339,23.61694175,72.87192581,227338,13.79947141,46.99487433,81.47569757,6.83731222,3.587,https://drive.google.com/file/d/1Brx8llOYc1hU_DA9w00vzFaYP9tb8WcL/view?usp=drive_link
2016,Chile,3882.145894,-4.514856118,0.617254623,466492.5,3485,2.92,1.731597781,1.623889839,1.589645653,26.62921537,66.14123543,358158,24.12491249,54.59497718,8.512195122,8.1316987,2.6279,https://drive.google.com/file/d/1Brx8llOYc1hU_DA9w00vzFaYP9tb8WcL/view?usp=drive_link
2017,Chile,12767.78246,5.851651222,7.378757317,69749.1,167252.6,27.4,1.225415766,1.441626964,1.157241821,37.93994318,12.15815352,7119,17.47162674,69.71768137,78.51,3.19127989,1.4333,https://drive.google.com/file/d/1Brx8llOYc1hU_DA9w00vzFaYP9tb8WcL/view?usp=drive_link
2018,Chile,47562.83425,3.899194615,1.837256387,53791.5,3473222.1,21.13,1.798594217,2.618731976,1.777826786,29.16738193,47.32893938,387481,11.73289298,6.281215445,81.32219512,7.48269749,2.384,https://drive.google.com/file/d/1Brx8llOYc1hU_DA9w00vzFaYP9tb8WcL/view?usp=drive_link
2019,Chile,5841.398436,1.879911472,-3.654669832,48124.8,5864.9,21.2,1.898441792,2.352359565,2.17476532,5.52292764,6.556545389,9644,32.73723667,94.99976889,79.1,8.93877125,3.7211,https://drive.google.com/file/d/1Brx8llOYc1hU_DA9w00vzFaYP9tb8WcL/view?usp=drive_link
2020,Chile,4676.647913,1.949437623,1.47195727,34794.1,16419,11.99,1.499731547,1.487756134,1.46266128,26.78829984,78.22245735,523767,21.95265949,54.86779182,81.66341463,7.976767,3.3736,https://drive.google.com/file/d/1Brx8llOYc1hU_DA9w00vzFaYP9tb8WcL/view?usp=drive_link
2021,Chile,193.6396278,8.5847363,0.392164286,13424.4,36163.4,76.11,-0.953961968,-0.911552844,-0.582948446,2.124359648,33.93829175,5169,14.69539047,5.394287353,6.649,1.5662746,0.1696,https://drive.google.com/file/d/1Brx8llOYc1hU_DA9w00vzFaYP9tb8WcL/view?usp=drive_link
2022,Chile,41572.45595,4.179882499,2.537622316,77369.1,1149,11.61,1.637546968,1.766428828,1.515693784,42.56547346,83.88881114,1258924,11.19297925,79.86862424,79.98784878,8.39849472,3.7567,https://drive.google.com/file/d/1Brx8llOYc1hU_DA9w00vzFaYP9tb8WcL/view?usp=drive_link
2008,Denmark,9399.964786,5.118118143,2.885677931,462869.5,669433.1,9.36,-0.552313382,-0.439748138,0.962913856,29.69766477,74.54193256,29835,1.119133126,6.7631847,74.19,2.889936,1.9986,https://drive.google.com/file/d/1qmuRwPrGUd0lUtc3Zr8jwW7jwW0BwVXH/view?usp=drive_link
2009,Denmark,2387.225644,6.848249178,0.831437143,575215.7,6387,1.32,1.827559586,0.426656723,1.147816181,47.13736917,88.29233868,466384,13.43693294,91.3995965,8.117731773,3.51182413,1.9839,https://drive.google.com/file/d/1qmuRwPrGUd0lUtc3Zr8jwW7jwW0BwVXH/view?usp=drive_link
2010,Denmark,88163.28593,0.787518455,5.189439878,4116.4,1212,56.71,1.88987577,2.772521496,1.873542428,4.153297274,18.57684545,13657,26.74376696,68.23951936,8.997569757,7.54125357,4.1167,https://drive.google.com/file/d/1qmuRwPrGUd0lUtc3Zr8jwW7jwW0BwVXH/view?usp=drive_link
2011,Denmark,859.5628412,3.397328813,0.8849467,425548.4,17414.9,9.65,0.977494568,0.65393977,0.191724158,25.78341763,48.69631797,91347,22.52638776,5.46871626,58.899,4.3345,0.77395,https://drive.google.com/file/d/1qmuRwPrGUd0lUtc3Zr8jwW7jwW0BwVXH/view?usp=drive_link
2012,Denmark,3532.485817,0.162919518,2.574362725,27414.6,185453.4,14.39,1.156788117,1.163747145,0.942974152,25.95167935,71.64346644,254418,13.79947141,52.92824557,81.62682927,6.7885623,3.7296,https://drive.google.com/file/d/1qmuRwPrGUd0lUtc3Zr8jwW7jwW0BwVXH/view?usp=drive_link
2013,Denmark,39693.19387,2.437289527,2.678599117,482646.2,359,3.13,1.774692535,1.656739919,1.617997527,28.55962736,67.88722285,42182,25.21327155,58.86634413,8.424392439,8.4831886,2.6265,https://drive.google.com/file/d/1qmuRwPrGUd0lUtc3Zr8jwW7jwW0BwVXH/view?usp=drive_link
2014,Denmark,14628.57246,6.223896786,1.17612784,7647.5,168994.24,28.79,1.263338566,1.47659266,1.152272344,37.68978275,13.23118742,81438,18.93695998,72.48164288,79.11,3.193486,1.5854,https://drive.google.com/file/d/1qmuRwPrGUd0lUtc3Zr8jwW7jwW0BwVXH/view?usp=drive_link
2015,Denmark,52223.69611,3.146149124,2.137833177,549369.9,347289.1,21.17,1.727119923,1.971133475,1.772545457,3.678391917,44.34813215,451335,11.83921281,62.49873878,81.48268293,7.316718,2.40277,https://drive.google.com/file/d/1qmuRwPrGUd0lUtc3Zr8jwW7jwW0BwVXH/view?usp=drive_link
2016,Denmark,61753.64713,1.336777767,3.941531876,4398,5941.28,23.83,1.919791348,2.392884164,2.117469559,53.82148929,6.455721376,111864,32.75348927,11.24579549,79.8,8.7352457,3.788,https://drive.google.com/file/d/1qmuRwPrGUd0lUtc3Zr8jwW7jwW0BwVXH/view?usp=drive_link
2017,Denmark,43846.46676,2.192763267,1.542875484,33531.9,16524,1.65,1.429734827,1.537773252,1.392368466,28.42133748,76.13213288,596473,21.81649646,58.79576422,82.11463415,7.85247946,3.1491,https://drive.google.com/file/d/1qmuRwPrGUd0lUtc3Zr8jwW7jwW0BwVXH/view?usp=drive_link
2018,Denmark,199.3154653,5.121161198,3.947113284,13963.9,35975.54,76.79,-0.91299665,-0.963742495,-0.578526676,21.54947778,27.05964527,5756,14.69539047,58.42259746,61.46,1.6566163,0.1748,https://drive.google.com/file/d/1qmuRwPrGUd0lUtc3Zr8jwW7jwW0BwVXH/view?usp=drive_link
2019,Denmark,4675.895796,3.925192746,2.614193423,746477.3,11411,12.54,1.618219256,1.741949916,1.513899832,45.57136286,83.44153335,1473985,11.48138523,85.26121267,8.436585366,8.1283526,3.8491,https://drive.google.com/file/d/1qmuRwPrGUd0lUtc3Zr8jwW7jwW0BwVXH/view?usp=drive_link
2020,Denmark,1341.523783,3.663792959,2.241442727,47843.5,66828.3,9.7,-0.549887717,-0.474737763,0.252327238,31.36771399,7.746872458,349569,1.124266748,63.46967793,74.365,2.91415977,2.14,https://drive.google.com/file/d/1qmuRwPrGUd0lUtc3Zr8jwW7jwW0BwVXH/view?usp=drive_link
2021,Denmark,2596.263884,3.685667782,0.779829263,59848.8,6377,1.35,1.2559356,0.483322471,1.157943664,53.33773193,85.35942149,555214,13.85967632,15.56631358,8.568292683,3.51881123,2.361,https://drive.google.com/file/d/1qmuRwPrGUd0lUtc3Zr8jwW7jwW0BwVXH/view?usp=drive_link
2022,Denmark,11221.81348,1.156562734,2.536763578,3971.3,12198,56.71,1.864178615,2.142632484,1.831712365,41.66126617,15.56762327,1641,27.55194174,69.59873363,81.29512195,7.41967487,4.1921,https://drive.google.com/file/d/1qmuRwPrGUd0lUtc3Zr8jwW7jwW0BwVXH/view?usp=drive_link
2008,France,8737.41112,3.168556279,0.93381448,4948.3,173776.9,9.23,0.129662588,-0.423375346,0.217559655,27.69814847,41.11651164,18815,22.87467117,54.63635436,6.651,4.125819,0.77395,https://drive.google.com/file/d/1v67pnlLRJMELJcyO-YqvSFKxG2xPhab3/view?usp=drive_link
2009,France,31677.93837,-0.814384777,1.812152423,27547.1,185465.8,14.72,1.1693784,1.163212419,0.972414997,29.53496225,69.58682789,36551,13.79947141,58.79317135,82.47569757,6.73698664,3.874,https://drive.google.com/file/d/1v67pnlLRJMELJcyO-YqvSFKxG2xPhab3/view?usp=drive_link
2010,France,4215.698149,1.676191437,1.135241317,445648.4,3782,3.94,1.658743739,1.614863515,1.641946411,31.92631884,62.95885464,5138,25.79972353,63.15719581,8.951219512,8.199587,2.663,https://drive.google.com/file/d/1v67pnlLRJMELJcyO-YqvSFKxG2xPhab3/view?usp=drive_link
2011,France,1546.492836,6.155341855,11.93126848,78412.6,17735.88,3.31,1.287656785,1.543591269,1.178443552,33.84559544,13.59367217,77791,18.99159553,68.15614289,79.23,3.3655295,1.7471,https://drive.google.com/file/d/1v67pnlLRJMELJcyO-YqvSFKxG2xPhab3/view?usp=drive_link
2012,France,52669.89963,1.769615878,2.716989567,546291.6,3472396.1,21.44,1.756421284,1.918944237,1.756974796,3.353255226,46.68835893,455592,11.66442736,62.59554894,81.66365854,7.4953112,2.3962,https://drive.google.com/file/d/1v67pnlLRJMELJcyO-YqvSFKxG2xPhab3/view?usp=drive_link
2013,France,5857.585179,0.226499792,-4.997673256,38216.2,617.66,26.93,1.875668764,2.382462263,1.986991479,54.63494173,58.13147979,15469,33.44639821,13.24973429,8.512195122,8.8771893,3.8243,https://drive.google.com/file/d/1v67pnlLRJMELJcyO-YqvSFKxG2xPhab3/view?usp=drive_link
2014,France,487.8523646,0.313134752,1.227596622,338315.4,165858,12.35,1.436932445,1.471969485,1.373381258,29.23271868,76.62139383,56878,22.53747912,59.72591688,81.96829268,7.9415148,3.1636,https://drive.google.com/file/d/1v67pnlLRJMELJcyO-YqvSFKxG2xPhab3/view?usp=drive_link
2015,France,1289.787953,4.568679614,2.447259429,12981.3,35787.68,78.25,-0.831432939,-1.988776684,-0.541348472,19.86494772,27.05964527,6127,14.69539047,51.62369223,61.115,1.62624443,0.1825,https://drive.google.com/file/d/1v67pnlLRJMELJcyO-YqvSFKxG2xPhab3/view?usp=drive_link
2016,France,43855.85447,0.418497594,1.855413477,76127.7,11413,13.64,1.669232184,1.817631718,1.539758186,46.37121438,83.36119918,141113,11.62298612,86.51454879,8.539243924,8.1877885,3.9197,https://drive.google.com/file/d/1v67pnlLRJMELJcyO-YqvSFKxG2xPhab3/view?usp=drive_link
2017,France,1376.949517,3.642322679,1.517915859,486454.2,666983.5,8.97,-0.535189186,-0.484527588,0.296199237,32.26556776,72.72157465,3777,9.773156494,65.76724582,74.574,3.721955,2.1118,https://drive.google.com/file/d/1v67pnlLRJMELJcyO-YqvSFKxG2xPhab3/view?usp=drive_link
2018,France,25466.76518,2.425399246,0.742779626,6316.3,6367,1.61,0.984835566,0.495882243,1.745258732,54.94513352,84.51655744,54787,14.77591497,15.45832774,8.819512195,3.5364616,2.798,https://drive.google.com/file/d/1v67pnlLRJMELJcyO-YqvSFKxG2xPhab3/view?usp=drive_link
2019,France,12175.9193,2.717959267,5.445621685,3877.1,121176,57.68,1.951318883,2.247982264,1.899935484,41.28764854,15.16839155,16953,26.87254323,68.49855284,81.45121951,7.43971157,4.236,https://drive.google.com/file/d/1v67pnlLRJMELJcyO-YqvSFKxG2xPhab3/view?usp=drive_link
2020,France,8173.869138,2.396232385,1.649224949,4271.7,173412.9,8.49,0.844441578,-0.184176375,0.171153697,27.13914919,43.49325139,9966,23.34576599,55.58261719,61.846,4.143532,0.77395,https://drive.google.com/file/d/1v67pnlLRJMELJcyO-YqvSFKxG2xPhab3/view?usp=drive_link
2021,France,28322.94659,-2.958922132,1.573766182,2728.4,185476.76,15.75,1.377982855,1.174634155,1.571621656,31.45511995,66.25172812,29525,11.76292595,6.845747936,82.42682927,6.691925,3.7999,https://drive.google.com/file/d/1v67pnlLRJMELJcyO-YqvSFKxG2xPhab3/view?usp=drive_link
2022,France,42485.5867,1.448456757,1.727453795,467831,3974,4.15,1.729413867,1.665464673,1.591213653,3.374535748,65.81741443,47878,25.94134454,61.88995142,8.948784879,8.758743,2.6667,https://drive.google.com/file/d/1v67pnlLRJMELJcyO-YqvSFKxG2xPhab3/view?usp=drive_link
2008,Germany,15833.27592,3.385824719,7.618235798,82998.5,172477.52,3.23,1.255251476,1.498959645,1.158453657,32.87463589,13.49819127,7677,17.4587729,65.14328795,79.339,3.547397,1.886,https://drive.google.com/file/d/1oeftMScXLjsqWzkU2zRPqzToYhhfu5O1/view?usp=drive_link
2009,Germany,52635.17496,2.329122562,3.629839836,555742.4,3471983.1,21.84,1.747499347,1.879342556,1.781251193,3.331938668,45.48997515,458318,11.62354599,62.23174913,81.74487849,7.36776829,2.459,https://drive.google.com/file/d/1oeftMScXLjsqWzkU2zRPqzToYhhfu5O1/view?usp=drive_link
2010,Germany,61191.19374,0.933349724,0.198121855,3996.7,694.4,27.5,1.922938138,2.399264972,1.943686962,54.82881899,58.33374239,11949,33.81975266,13.51418387,8.3,8.72416973,3.8335,https://drive.google.com/file/d/1oeftMScXLjsqWzkU2zRPqzToYhhfu5O1/view?usp=drive_link
2011,Germany,4262.717965,0.576326675,1.123423424,338453.1,166692,13.44,1.423377895,1.343773174,1.482616782,29.36473787,76.96288247,58963,23.21917873,59.76455749,82.2195122,8.178128,3.1811,https://drive.google.com/file/d/1oeftMScXLjsqWzkU2zRPqzToYhhfu5O1/view?usp=drive_link
2012,Germany,1376.829263,3.797848393,1.814173739,14387.7,35599.82,76.55,-0.714889472,-1.3594168,-0.477971636,17.79218553,36.26652745,5856,14.69539047,47.46464251,61.389,1.6691359,0.197,https://drive.google.com/file/d/1oeftMScXLjsqWzkU2zRPqzToYhhfu5O1/view?usp=drive_link
2013,Germany,46298.92292,0.437591331,1.799764638,776151.8,11415,13.63,1.642112851,1.797943593,1.519881163,45.41867786,83.39456462,144567,11.61153373,85.78876696,8.492439244,8.449654,4.87,https://drive.google.com/file/d/1oeftMScXLjsqWzkU2zRPqzToYhhfu5O1/view?usp=drive_link
2014,Germany,1865.687291,1.354919615,3.996526115,475737.5,665758.7,9.23,-0.549149879,-0.591522498,0.326653528,31.35652946,75.89365933,3815,1.294578624,63.76487662,74.739,3.12253189,2.1555,https://drive.google.com/file/d/1oeftMScXLjsqWzkU2zRPqzToYhhfu5O1/view?usp=drive_link
2015,Germany,27182.73431,3.164786365,0.931328351,59961.4,6357,1.92,0.945151579,0.581155189,1.393388978,51.29271197,85.98716697,559632,13.63623438,97.95214954,81.27731773,3.61362767,2.1632,https://drive.google.com/file/d/1oeftMScXLjsqWzkU2zRPqzToYhhfu5O1/view?usp=drive_link
2016,Germany,13553.84134,1.161982493,-0.261843275,39627,121254,57.24,1.979368944,2.286827564,1.877188257,39.86139534,16.45152678,15622,25.11364415,67.97279259,81.75121951,7.59215212,4.363,https://drive.google.com/file/d/1oeftMScXLjsqWzkU2zRPqzToYhhfu5O1/view?usp=drive_link
2017,Germany,7441.23854,2.485468827,2.53589523,437261.7,17348.9,7.94,0.135493744,-0.137831539,0.361897755,28.37928324,42.38465165,96153,23.83139136,58.87527635,62.533,4.145122,0.77395,https://drive.google.com/file/d/1oeftMScXLjsqWzkU2zRPqzToYhhfu5O1/view?usp=drive_link
2018,Germany,2977.182558,-1.43341868,3.494685674,243794.9,185488.44,16.92,1.252919198,0.92699762,1.168251991,32.95195248,67.74194239,317833,13.61174985,61.97631572,83.78487849,6.4381173,3.7857,https://drive.google.com/file/d/1oeftMScXLjsqWzkU2zRPqzToYhhfu5O1/view?usp=drive_link
2019,Germany,43449.91717,1.819863375,1.955255873,453778.1,31166,5.18,1.689435244,1.718892574,1.512769222,3.492174139,58.51432889,546755,25.16947119,61.65552748,81.48784879,7.9131883,2.6774,https://drive.google.com/file/d/1oeftMScXLjsqWzkU2zRPqzToYhhfu5O1/view?usp=drive_link
2020,Germany,14666.34312,1.792649471,9.849148112,7656.3,174219.16,26.95,1.34896946,1.441592318,1.354429483,33.39296648,13.69371417,7565,17.44512149,65.63462812,79.473,3.72688317,2.278,https://drive.google.com/file/d/1oeftMScXLjsqWzkU2zRPqzToYhhfu5O1/view?usp=drive_link
2021,Germany,5955.998323,2.873675457,3.553933711,56176.5,347157.1,21.83,1.886384726,1.832427263,1.754353166,31.73657587,44.11329715,4763,11.88379792,64.37866216,81.78439244,7.24133968,2.4961,https://drive.google.com/file/d/1oeftMScXLjsqWzkU2zRPqzToYhhfu5O1/view?usp=drive_link
2022,Germany,62548.98473,1.619393811,1.863352832,3582,617.42,3.19,2.187656975,2.252343168,1.785383344,54.61313944,61.12773298,111493,36.52916697,12.26391634,8.7,8.7544338,3.8632,https://drive.google.com/file/d/1oeftMScXLjsqWzkU2zRPqzToYhhfu5O1/view?usp=drive_link
2008,Kenya,4368.548724,0.956183524,0.232545627,3617.4,167526,13.19,1.453593969,1.288246356,1.413544775,29.6666845,77.55562919,581393,23.16141532,6.47879652,82.7195122,8.1122357,3.1941,https://drive.google.com/file/d/1hyP6tAsP7NVT0ELCoVciw7hRCz7VTSAI/view?usp=drive_link
2009,Kenya,1489.919724,5.211123248,1.222842178,167,35411.96,74.31,-0.411822498,-0.938947623,-0.358168784,16.47284466,27.05964527,6115,15.18721265,46.17489362,61.816,1.83768213,0.1959,https://drive.google.com/file/d/1hyP6tAsP7NVT0ELCoVciw7hRCz7VTSAI/view?usp=drive_link
2010,Kenya,4823.869985,2.295434313,0.522271926,73611.7,11417,14.2,1.853733873,1.812496543,1.66549834,45.61926331,83.64545398,1494214,11.48256324,84.62933925,81.92439244,8.48884487,4.846,https://drive.google.com/file/d/1hyP6tAsP7NVT0ELCoVciw7hRCz7VTSAI/view?usp=drive_link
2011,Kenya,1176.134114,2.849773255,2.162184479,46224.1,664533.9,9.76,-0.463674875,-0.842649996,0.134463116,31.87344139,76.79282521,396912,1.625655494,64.92535792,74.797,2.8923114,2.2263,https://drive.google.com/file/d/1hyP6tAsP7NVT0ELCoVciw7hRCz7VTSAI/view?usp=drive_link
2012,Kenya,29249.57523,3.224537946,0.624771688,58888.6,6347,2.87,1.699148813,0.512293757,1.359224814,47.83142866,86.5277165,57391,13.24116166,9.614441898,81.72195122,3.71141768,2.27,https://drive.google.com/file/d/1hyP6tAsP7NVT0ELCoVciw7hRCz7VTSAI/view?usp=drive_link
2013,Kenya,97666.69518,2.481319986,0.646237883,39643,121332,56.32,2.243778229,2.222894669,1.822989741,39.72767243,17.6577858,144677,23.41231719,69.13737723,82.1,7.9719482,4.4249,https://drive.google.com/file/d/1hyP6tAsP7NVT0ELCoVciw7hRCz7VTSAI/view?usp=drive_link
2014,Kenya,6965.137897,1.413826452,1.519327438,448298.1,172684.9,7.72,0.155454814,-0.124875419,0.165476799,29.61933347,45.78844229,9343,24.43193422,59.49957456,63.38,4.3735652,0.77395,https://drive.google.com/file/d/1hyP6tAsP7NVT0ELCoVciw7hRCz7VTSAI/view?usp=drive_link
2015,Kenya,29513.65118,1.395775367,2.414261366,241979.9,1855.12,17.33,0.966522396,0.689561666,1.173891359,33.46797623,67.74931492,324533,14.13527689,63.83826195,83.22926829,6.38631392,3.7767,https://drive.google.com/file/d/1hyP6tAsP7NVT0ELCoVciw7hRCz7VTSAI/view?usp=drive_link
2016,Kenya,47447.58893,3.199726261,1.921244878,41569,31358,6.53,1.874834239,1.746633649,1.623983979,28.38996858,68.24964763,51789,24.86131112,58.8573174,81.34878488,7.9565538,2.7149,https://drive.google.com/file/d/1hyP6tAsP7NVT0ELCoVciw7hRCz7VTSAI/view?usp=drive_link
2017,Kenya,13569.94813,2.1519425,7.326443898,8226.4,17596.8,25.6,1.225689144,1.183169365,0.919541725,29.19179494,13.89466466,6235,17.54682927,59.34911478,79.746,3.9866875,2.147,https://drive.google.com/file/d/1hyP6tAsP7NVT0ELCoVciw7hRCz7VTSAI/view?usp=drive_link
2018,Kenya,43596.13554,0.659176864,3.853894538,558747.2,3471157.1,21.83,1.87273388,1.845864893,1.731752515,31.84996963,5.774124871,4162,12.38981963,66.1649267,81.81569757,7.5919926,2.5388,https://drive.google.com/file/d/1hyP6tAsP7NVT0ELCoVciw7hRCz7VTSAI/view?usp=drive_link
2019,Kenya,53254.85638,2.342591176,0.611475183,3374.9,6246.8,32.53,2.156211182,2.18662336,1.795312589,55.41817442,62.79381168,95457,33.92161964,14.48228467,8.724392439,8.7154789,3.9257,https://drive.google.com/file/d/1hyP6tAsP7NVT0ELCoVciw7hRCz7VTSAI/view?usp=drive_link
2020,Kenya,36652.92235,1.112912346,1.755723741,311175.4,16836,13.34,1.366789818,1.248263836,1.417858662,3.592622378,78.73232837,56264,23.19771546,61.75169393,82.32195122,8.2677169,3.271,https://drive.google.com/file/d/1hyP6tAsP7NVT0ELCoVciw7hRCz7VTSAI/view?usp=drive_link
2021,Kenya,1496.653568,4.967721128,0.883799939,189.3,35224.1,71.96,-0.568727136,-1.367374229,-0.393361633,15.12873393,31.48984432,596,14.83948265,4.327384692,61.892,1.92388499,0.1764125,https://drive.google.com/file/d/1hyP6tAsP7NVT0ELCoVciw7hRCz7VTSAI/view?usp=drive_link
2022,Kenya,4113.256436,1.491931528,1.867291816,742314.4,11419,14.55,1.759659886,1.776123524,1.656743472,46.92738357,84.23469637,132626,11.47872896,86.24622461,8.641463415,8.669246,4.1342,https://drive.google.com/file/d/1hyP6tAsP7NVT0ELCoVciw7hRCz7VTSAI/view?usp=drive_link
2008,"Korea, Rep.",9753.456232,3.293151528,3.933337681,471632.6,66339.1,9.19,-0.454451543,-0.888692332,0.117857642,34.52488584,8.852539685,3855,12.78239352,71.89911346,74.682,2.98734331,2.3246,https://drive.google.com/file/d/1p1FTYZ8p0bhq3rcvpEtdPZxDfpMW9J8S/view?usp=drive_link
2009,"Korea, Rep.",28732.23176,2.891326824,0.27999556,67827.1,6337,2.74,0.927628839,0.344557133,0.977696836,42.98956153,89.43955444,526757,13.15814434,79.13249439,82.24392439,3.8157315,2.2494,https://drive.google.com/file/d/1p1FTYZ8p0bhq3rcvpEtdPZxDfpMW9J8S/view?usp=drive_link
2010,"Korea, Rep.",7489.96585,1.857339726,1.873994233,4288.8,12141,57.28,1.975319547,2.242228699,1.834491564,38.57518873,21.79324854,13915,22.88548816,7.431856542,82.34878488,8.66388416,4.4432,https://drive.google.com/file/d/1p1FTYZ8p0bhq3rcvpEtdPZxDfpMW9J8S/view?usp=drive_link
2011,"Korea, Rep.",624.9299146,1.321862237,0.438735793,42563.1,17232.9,7.73,0.163134269,-0.751439575,0.877392516,27.71363841,47.64531463,812,25.48692731,56.72667614,63.95,4.59632444,0.77395,https://drive.google.com/file/d/1p1FTYZ8p0bhq3rcvpEtdPZxDfpMW9J8S/view?usp=drive_link
2012,"Korea, Rep.",25754.36129,3.838518877,1.925923719,257251.2,185511.8,16.3,0.885937512,0.631589717,1.157853127,33.61866687,7.426282932,282274,14.19962338,64.18325144,82.83177318,6.5859737,3.8267,https://drive.google.com/file/d/1p1FTYZ8p0bhq3rcvpEtdPZxDfpMW9J8S/view?usp=drive_link
2013,"Korea, Rep.",4571.743235,2.39313184,1.544656897,4175.3,3155,7.71,1.771356712,1.831591756,1.756757212,27.63325488,71.64817142,46585,24.98987555,56.91321252,8.956975698,7.84124422,2.7465,https://drive.google.com/file/d/1p1FTYZ8p0bhq3rcvpEtdPZxDfpMW9J8S/view?usp=drive_link
2014,"Korea, Rep.",13785.6876,1.753387491,4.557918627,8654.7,17719.1,24.55,0.962264762,1.233249664,0.834684984,27.9231582,14.81233219,6718,17.46896441,56.57861877,8.79,4.22976255,2.2937,https://drive.google.com/file/d/1p1FTYZ8p0bhq3rcvpEtdPZxDfpMW9J8S/view?usp=drive_link
2015,"Korea, Rep.",42315.63757,1.139441395,2.238351215,556874.1,34776.4,21.62,1.813645415,1.944438457,1.745492697,31.52572493,52.67569966,389991,12.49656263,65.36368452,81.92487849,7.688965,2.315,https://drive.google.com/file/d/1p1FTYZ8p0bhq3rcvpEtdPZxDfpMW9J8S/view?usp=drive_link
2016,"Korea, Rep.",54663.99837,3.245956985,2.492374264,3534.3,6246.6,31.95,1.883536696,2.228851599,1.821736574,53.42598522,71.29254315,95326,33.29559484,1.168828785,8.853658537,8.6299839,4.99,https://drive.google.com/file/d/1p1FTYZ8p0bhq3rcvpEtdPZxDfpMW9J8S/view?usp=drive_link
2017,"Korea, Rep.",3762.533572,1.954644372,1.326491698,313835.2,169194,14.25,1.351742,1.328667521,1.381381752,3.247537183,79.69818213,51179,23.64827518,61.11423822,82.57317732,8.61525917,3.226,https://drive.google.com/file/d/1p1FTYZ8p0bhq3rcvpEtdPZxDfpMW9J8S/view?usp=drive_link
2018,"Korea, Rep.",1562.766195,4.213517681,0.627591269,1931.1,35519.7,71.7,-0.455839783,-0.913663983,-0.417869472,13.24974487,31.48342713,5695,14.96647274,34.86519573,62.163,2.352972,0.1764125,https://drive.google.com/file/d/1p1FTYZ8p0bhq3rcvpEtdPZxDfpMW9J8S/view?usp=drive_link
2019,"Korea, Rep.",42136.12798,2.229999868,1.865969169,747147.2,11419,14.24,1.583852768,1.781455125,1.668361578,46.73262854,84.82534348,1334355,11.29612252,84.76964597,8.992439244,8.68167686,4.1944,https://drive.google.com/file/d/1p1FTYZ8p0bhq3rcvpEtdPZxDfpMW9J8S/view?usp=drive_link
2020,"Korea, Rep.",8875.826876,2.635324246,3.667958712,476394.6,66231.5,9.22,-0.586389618,-0.857172823,0.278691761,37.42171842,8.965973496,373948,13.53436355,76.62291378,74.412,2.84779787,2.3244,https://drive.google.com/file/d/1p1FTYZ8p0bhq3rcvpEtdPZxDfpMW9J8S/view?usp=drive_link
2021,"Korea, Rep.",29288.87439,2.946881716,0.86893325,615443.6,6325,2.56,1.127517866,0.427389958,1.217622519,4.132659111,89.86927176,495426,13.98195298,73.63894656,82.27569757,3.97724867,2.337,https://drive.google.com/file/d/1p1FTYZ8p0bhq3rcvpEtdPZxDfpMW9J8S/view?usp=drive_link
2022,"Korea, Rep.",7867.369977,1.164724235,-5.325497512,39578.4,121488,58.37,1.99551384,2.149371624,1.833293175,35.93817143,22.95749418,8841,21.96375926,69.1168424,82.47317732,9.4278946,4.5679,https://drive.google.com/file/d/1p1FTYZ8p0bhq3rcvpEtdPZxDfpMW9J8S/view?usp=drive_link
2008,Mexico,5735.667872,0.664552379,0.684612553,425682.9,171956.9,7.97,0.455783692,0.174946248,0.119314946,28.1568817,47.78438959,76214,24.82835599,55.86125755,64.747,4.57297277,0.7675,https://drive.google.com/file/d/1DhGyVQj1JRv3fyYE4Tec-vLB21NxcU5w/view?usp=drive_link
2009,Mexico,26537.15949,3.377741417,3.587463923,248252.1,185552.4,16.71,0.965485215,0.573662378,1.955343246,33.86245761,71.69313242,289981,13.78878699,63.73988263,83.32926829,6.4544844,3.8112,https://drive.google.com/file/d/1DhGyVQj1JRv3fyYE4Tec-vLB21NxcU5w/view?usp=drive_link
2010,Mexico,41146.77356,2.165262152,12.31635932,382154.9,3159,7.68,1.644577494,1.856417652,1.574559569,28.65471322,76.18123527,41856,25.34529273,59.25621955,81.1569757,7.844171,2.7563,https://drive.google.com/file/d/1DhGyVQj1JRv3fyYE4Tec-vLB21NxcU5w/view?usp=drive_link
2011,Mexico,1545.527858,1.357695373,1.895245926,87136.9,178419.4,24.1,0.979842782,1.147747993,0.895349569,28.33137683,12.96615643,68823,17.55794683,56.26158968,8.35,4.5749799,2.4411,https://drive.google.com/file/d/1DhGyVQj1JRv3fyYE4Tec-vLB21NxcU5w/view?usp=drive_link
2012,Mexico,45129.4293,3.398822528,1.537527195,568175.9,34739.5,22.35,1.762538842,1.887386877,1.815371752,31.4544116,48.74193235,42665,12.6121669,65.11685465,81.83292683,7.57427883,2.612,https://drive.google.com/file/d/1DhGyVQj1JRv3fyYE4Tec-vLB21NxcU5w/view?usp=drive_link
2013,Mexico,5761.981811,2.821736341,1.861329475,33184,6256,35.2,1.835565615,2.191321411,1.746446135,55.77376783,7.434952922,1256,33.39987958,12.97938999,81.12439244,8.47816181,4.1324,https://drive.google.com/file/d/1DhGyVQj1JRv3fyYE4Tec-vLB21NxcU5w/view?usp=drive_link
2014,Mexico,38781.49488,2.291419994,1.3821239,317721.2,1728,14.12,1.39693749,1.224436198,1.388163137,3.948633187,79.94721678,535298,23.62933465,62.96184729,82.57569757,8.59983444,3.2392,https://drive.google.com/file/d/1DhGyVQj1JRv3fyYE4Tec-vLB21NxcU5w/view?usp=drive_link
2015,Mexico,1675.98843,3.837958174,1.648368964,297.2,35815.3,71.3,-0.431529229,-0.975339488,-0.399541156,12.73665994,28.28539186,5747,15.52464135,35.99557875,62.481,1.71156442,0.1764125,https://drive.google.com/file/d/1DhGyVQj1JRv3fyYE4Tec-vLB21NxcU5w/view?usp=drive_link
2016,Mexico,44652.58917,2.682311146,2.966416856,73224.2,11419,15.22,1.573621154,1.796617866,1.61281255,47.16346837,86.31911827,1448191,11.41912242,87.23722953,8.992682927,8.78484631,4.2488,https://drive.google.com/file/d/1DhGyVQj1JRv3fyYE4Tec-vLB21NxcU5w/view?usp=drive_link
2017,Mexico,9434.378179,2.113129135,2.857326494,474498.5,66753.8,9.99,-0.585919917,-0.951941186,-0.65339759,37.65156846,8.356158794,49433,13.35672683,77.11574454,74.138,2.7581349,2.3827,https://drive.google.com/file/d/1DhGyVQj1JRv3fyYE4Tec-vLB21NxcU5w/view?usp=drive_link
2018,Mexico,31616.84345,3.159635741,1.137799562,626178.4,6317,2.84,1.131411393,0.445794493,1.289739373,4.934269499,89.26679785,573694,14.49381853,77.12917866,82.62682927,4.11588812,2.368,https://drive.google.com/file/d/1DhGyVQj1JRv3fyYE4Tec-vLB21NxcU5w/view?usp=drive_link
2019,Mexico,76131.83843,2.463746285,1.468742787,39174.9,121566,59.52,1.989264469,2.194749873,1.944123149,36.73226499,19.36825784,1154,22.29436288,69.18781762,82.69756976,8.7895436,4.7176,https://drive.google.com/file/d/1DhGyVQj1JRv3fyYE4Tec-vLB21NxcU5w/view?usp=drive_link
2020,Mexico,6734.475153,1.157946952,0.539673957,435214.5,171592.9,8.3,-0.155823897,-0.127464935,0.789819147,27.34757812,44.29749834,88947,24.76928729,53.53593183,65.42,4.5655431,0.7833,https://drive.google.com/file/d/1DhGyVQj1JRv3fyYE4Tec-vLB21NxcU5w/view?usp=drive_link
2021,Mexico,28185.32137,2.975767292,2.436144122,264723.7,185593,15.18,1.235747585,0.512778673,1.121974946,35.13564339,69.76549678,319531,13.71493392,66.65768658,83.28292683,6.3132991,3.8723,https://drive.google.com/file/d/1DhGyVQj1JRv3fyYE4Tec-vLB21NxcU5w/view?usp=drive_link
2022,Mexico,4622.689388,2.443574699,4.67148674,366844.1,3164,8.81,1.644319416,1.813624382,1.436946993,3.672448259,74.19761187,44997,25.55126887,62.7995672,81.2569757,7.7561171,2.7828,https://drive.google.com/file/d/1DhGyVQj1JRv3fyYE4Tec-vLB21NxcU5w/view?usp=drive_link
2008,Norway,15795.78141,3.992947784,2.688747729,86581.3,179648.7,25.46,0.939828157,0.958148718,0.972546396,28.5294474,12.91725573,74839,18.3955245,58.17756335,8.133,4.65451145,2.5912,https://drive.google.com/file/d/1q5AJyRRRMGmBwbMPR-HtrgUyiHEEVVO5/view?usp=drive_link
2009,Norway,46547.79518,2.77745538,2.46935685,579573.9,3472.7,21.92,1.715954812,1.789857745,1.675177932,32.32543726,47.64957676,452313,13.57684669,66.59988586,81.84392439,7.5771123,2.4251,https://drive.google.com/file/d/1q5AJyRRRMGmBwbMPR-HtrgUyiHEEVVO5/view?usp=drive_link
2010,Norway,61591.92887,1.989537315,2.456967185,33133.3,6265.6,34.56,1.773296595,2.156479123,1.815841876,56.55984492,71.25834178,19696,32.23524441,16.97499643,8.953658537,8.45675373,4.2247,https://drive.google.com/file/d/1q5AJyRRRMGmBwbMPR-HtrgUyiHEEVVO5/view?usp=drive_link
2011,Norway,41557.85486,1.86566782,2.776578144,36948.4,17862,15.21,1.396187872,1.281646488,1.419796348,31.71366721,79.79421148,582222,24.17843725,64.4379526,82.67569757,8.49712181,3.24,https://drive.google.com/file/d/1q5AJyRRRMGmBwbMPR-HtrgUyiHEEVVO5/view?usp=drive_link
2012,Norway,1845.783413,5.647946479,0.832686218,19253.9,3611.9,71.63,-0.427653711,-0.862696516,-0.493594766,12.54197533,28.42564871,652,14.36127892,34.41475318,62.676,1.767722,0.1565,https://drive.google.com/file/d/1q5AJyRRRMGmBwbMPR-HtrgUyiHEEVVO5/view?usp=drive_link
2013,Norway,47939.27829,0.981232665,4.1997218,7777.2,11419,16.4,1.591349125,1.898325325,1.523589878,47.38859142,85.25542653,156539,11.45698198,88.51987143,8.892682927,8.8575378,4.2996,https://drive.google.com/file/d/1q5AJyRRRMGmBwbMPR-HtrgUyiHEEVVO5/view?usp=drive_link
2014,Norway,9857.748742,2.194994725,3.968975674,444898.4,659476.1,1.16,-0.641823947,-0.948684394,-0.292913616,39.25755173,79.47184681,45713,13.64637779,8.559384229,74.15,2.6717227,2.4248,https://drive.google.com/file/d/1q5AJyRRRMGmBwbMPR-HtrgUyiHEEVVO5/view?usp=drive_link
2015,Norway,33436.92365,2.974377377,0.763893881,63186.6,637,3.18,1.199627161,0.573121369,1.135347366,41.71329844,87.59262316,6486,15.53638373,78.98886551,82.62682927,4.499136,2.482,https://drive.google.com/file/d/1q5AJyRRRMGmBwbMPR-HtrgUyiHEEVVO5/view?usp=drive_link
2016,Norway,82792.84271,0.828931484,-1.287964419,38571.5,121644,59.74,1.922187686,2.511715839,1.845162343,38.22127288,16.62639844,121791,23.31365927,7.31957895,82.75853659,8.5987181,4.834,https://drive.google.com/file/d/1q5AJyRRRMGmBwbMPR-HtrgUyiHEEVVO5/view?usp=drive_link
2017,Norway,748.581124,1.522329387,1.37837844,439644.6,171228.9,8.7,-0.221448287,-0.136328863,0.137329628,27.56264211,43.45584651,9397,24.96276392,54.62771158,65.674,4.615174,0.7527,https://drive.google.com/file/d/1q5AJyRRRMGmBwbMPR-HtrgUyiHEEVVO5/view?usp=drive_link
2018,Norway,3379.721113,2.284469419,4.123659565,258373.2,185635.9,16.9,0.978212118,0.612849295,0.969287813,35.14562669,67.35438861,346754,14.22575235,67.57494255,83.43177318,6.32118988,4.299,https://drive.google.com/file/d/1q5AJyRRRMGmBwbMPR-HtrgUyiHEEVVO5/view?usp=drive_link
2019,Norway,4336.383493,1.752122329,-0.875391176,36555.9,3173,1.9,1.629465199,1.865721989,1.361689329,31.23496675,68.98922769,486439,25.47494714,63.99979652,81.2569757,7.73572683,2.844,https://drive.google.com/file/d/1q5AJyRRRMGmBwbMPR-HtrgUyiHEEVVO5/view?usp=drive_link
2020,Norway,14627.14516,0.743133132,4.875912843,91915.4,18878,25.27,0.923454137,0.979157269,0.86359185,27.84326824,12.8842852,68794,17.69889328,57.54685754,8.326,4.7519598,2.6614,https://drive.google.com/file/d/1q5AJyRRRMGmBwbMPR-HtrgUyiHEEVVO5/view?usp=drive_link
2021,Norway,46374.15275,1.888223585,2.867668718,5661.8,346965.8,22.47,1.719728947,1.729976535,1.697395863,32.35269582,47.85181369,448817,12.74168891,66.17148528,82.22878488,7.641737,2.4425,https://drive.google.com/file/d/1q5AJyRRRMGmBwbMPR-HtrgUyiHEEVVO5/view?usp=drive_link
2022,Norway,59592.98689,1.493486959,-1.971854649,29696.5,6275,37.29,1.833646594,2.121617317,1.873381186,58.64718222,72.41458376,11176,34.8344296,11.22482864,81.45121951,8.4725647,3.957136364,https://drive.google.com/file/d/1q5AJyRRRMGmBwbMPR-HtrgUyiHEEVVO5/view?usp=drive_link
2008,South Africa,4494.898294,1.842971814,1.964941862,3561.6,171696,15.53,1.371217132,1.248328897,1.338287834,31.59255414,8.534599792,57951,24.51466278,64.14147319,82.82682927,8.342614,3.2735,https://drive.google.com/file/d/18gPiXfvMhO9AEKmBKY6Y5tsExGzAaeDa/view?usp=drive_link
2009,South Africa,197.8629654,5.114158858,0.468168549,19481.9,3611.9,71.42,-0.464465976,-0.874188828,-0.441837236,11.42799666,3.771235888,5839,15.11934799,31.75946673,62.943,2.519562,0.1764125,https://drive.google.com/file/d/18gPiXfvMhO9AEKmBKY6Y5tsExGzAaeDa/view?usp=drive_link
2010,South Africa,46793.68676,1.566389828,1.925247127,658693.5,11419,17.7,1.581253518,1.865366225,1.495465875,46.66961299,85.74316298,1489412,11.48561492,87.68649886,81.29268293,9.2511978,4.3716,https://drive.google.com/file/d/18gPiXfvMhO9AEKmBKY6Y5tsExGzAaeDa/view?usp=drive_link
2011,South Africa,1145.152628,-0.199477723,2.356672336,451828.8,658198.5,1.27,-0.658984364,-0.917184715,-0.366529632,38.82128516,79.96873137,4664,13.14141546,77.89734696,74.22,2.6777882,2.4253,https://drive.google.com/file/d/18gPiXfvMhO9AEKmBKY6Y5tsExGzAaeDa/view?usp=drive_link
2012,South Africa,3192.416948,2.243977861,0.583393866,612133.7,6297,3.23,1.156712865,0.757752895,1.33259666,39.27586167,87.3975253,542233,15.19956653,75.75713897,83.22682927,4.8462297,2.4843,https://drive.google.com/file/d/18gPiXfvMhO9AEKmBKY6Y5tsExGzAaeDa/view?usp=drive_link
2013,South Africa,7643.588947,1.123746964,3.995134264,37661.6,121722,6.6,1.941977364,2.33835888,1.827783585,36.64925326,19.75375562,12799,23.28344689,7.895825273,82.95853659,9.311842,4.94,https://drive.google.com/file/d/18gPiXfvMhO9AEKmBKY6Y5tsExGzAaeDa/view?usp=drive_link
2014,South Africa,6688.774746,0.334532352,1.316779218,446626,17864.9,8.84,-0.183931217,-0.315172515,0.127881546,27.29747128,42.9742327,916,24.91847156,54.54766393,66.175,4.81728697,0.7923,https://drive.google.com/file/d/18gPiXfvMhO9AEKmBKY6Y5tsExGzAaeDa/view?usp=drive_link
2015,South Africa,29581.51855,1.983966224,1.856148637,241886.5,185678.8,16.68,0.994459715,0.666526735,0.968881249,34.96918148,66.65325565,33418,13.7486329,66.87389517,83.83177318,6.45363188,4.4411,https://drive.google.com/file/d/18gPiXfvMhO9AEKmBKY6Y5tsExGzAaeDa/view?usp=drive_link
2016,South Africa,42747.8465,1.643864787,0.692697277,345934.3,3182,11.39,1.569445848,1.748772383,1.449978989,31.25766559,71.78257556,4626,25.39314789,64.13153138,81.44878488,7.9222517,2.993,https://drive.google.com/file/d/18gPiXfvMhO9AEKmBKY6Y5tsExGzAaeDa/view?usp=drive_link
2017,South Africa,13165.38634,-6.145246857,4.551447583,84827.8,18217,26.73,0.927434826,1.16734374,0.753846717,31.33769595,11.55999129,7423,16.18247851,58.13342733,79.377,5.538815,2.8351,https://drive.google.com/file/d/18gPiXfvMhO9AEKmBKY6Y5tsExGzAaeDa/view?usp=drive_link
2018,South Africa,43349.67786,-5.743575676,1.844172162,516873.7,3469281,23.85,1.618298292,1.565556288,1.598744869,29.68845335,46.91721642,39763,13.56965749,61.61923536,81.67487849,9.76522,2.40277,https://drive.google.com/file/d/18gPiXfvMhO9AEKmBKY6Y5tsExGzAaeDa/view?usp=drive_link
2019,South Africa,6915.4244,-1.994675685,-0.742358674,27356.5,6284.4,39.7,1.882793951,2.236468792,1.844144724,54.92962126,73.92776537,18454,34.47648722,13.51225957,81.62439244,8.93393898,3.957136364,https://drive.google.com/file/d/18gPiXfvMhO9AEKmBKY6Y5tsExGzAaeDa/view?usp=drive_link
2020,South Africa,3955.282929,-7.784586492,0.733943387,267154.7,17253,16.87,1.297226398,1.122349262,1.246355979,27.45227638,77.46715457,488637,24.71697347,56.86382289,82.17569757,9.36361694,3.258008333,https://drive.google.com/file/d/18gPiXfvMhO9AEKmBKY6Y5tsExGzAaeDa/view?usp=drive_link
2021,South Africa,1936.257517,-0.272766327,0.423525183,19446.8,3611.9,72.5,-0.577875257,-0.876583576,-0.398768918,9.643999227,27.91552625,634,14.29982263,27.23634937,62.675,2.342755,0.1764125,https://drive.google.com/file/d/18gPiXfvMhO9AEKmBKY6Y5tsExGzAaeDa/view?usp=drive_link
2022,South Africa,46772.82536,-3.696788754,4.1344487,6335.5,11419,18.6,1.519799232,1.825713873,1.314618811,43.13129322,84.89296237,1382533,1.562378436,8.398355986,81.41463415,1.5796528,4.4348,https://drive.google.com/file/d/18gPiXfvMhO9AEKmBKY6Y5tsExGzAaeDa/view?usp=drive_link
2008,Spain,8654.997325,-7.987912341,2.892752789,383131.4,65692.8,12.33,-0.646558285,-0.921547359,-0.26993987,39.49276867,79.17988852,417171,14.28683964,76.93861367,7.133,3.363844,2.203533333,https://drive.google.com/file/d/1y-MzVc0Y8y7f516ErRxMlskX3BKy0aJr/view?usp=drive_link
2009,Spain,31721.29818,-0.794153594,0.533433527,569681.8,6287,3.63,1.147331357,0.698436558,1.373551292,36.35959549,89.55714378,512498,14.86125767,69.34459956,83.42682927,5.132282,2.271858333,https://drive.google.com/file/d/1y-MzVc0Y8y7f516ErRxMlskX3BKy0aJr/view?usp=drive_link
2010,Spain,6834.181337,-1.278171785,-1.11596535,36177.4,1218,61.29,1.931451214,2.658538342,1.888186574,32.2133778,22.28274732,84459,21.25318677,65.35397941,83.29756976,9.78682518,5.47,https://drive.google.com/file/d/1y-MzVc0Y8y7f516ErRxMlskX3BKy0aJr/view?usp=drive_link
2011,Spain,5741.641249,-6.342471149,0.934552928,393241.6,175.9,9.76,-0.246389216,-0.589598157,0.452455496,27.63278913,38.38797152,85834,23.28941211,5.898152968,65.252,5.3353446,0.77395,https://drive.google.com/file/d/1y-MzVc0Y8y7f516ErRxMlskX3BKy0aJr/view?usp=drive_link
2012,Spain,26959.67544,-11.32543832,2.868551752,2275.8,185721.7,19.35,0.862336558,0.711182697,0.854268253,3.799945259,65.99724149,38317,13.58177871,6.143167777,82.33177318,7.84911251,3.8616,https://drive.google.com/file/d/1y-MzVc0Y8y7f516ErRxMlskX3BKy0aJr/view?usp=drive_link
2013,Spain,4318.416923,-11.38584552,4.898158179,3865.3,319,13.5,1.462932229,1.666457312,1.332666636,29.23718972,68.34914365,399529,24.73812497,58.11615884,8.351219512,1.246616,3.37,https://drive.google.com/file/d/1y-MzVc0Y8y7f516ErRxMlskX3BKy0aJr/view?usp=drive_link
2014,Spain,16247.41158,11.73743165,5.373519924,52949.51538,183336.2,21.28846154,0.891359846,0.956733346,0.592243324,31.97966769,1.732132238,94775,19.59818158,64.72162465,78.944,5.17123127,2.044792308,https://drive.google.com/file/d/1y-MzVc0Y8y7f516ErRxMlskX3BKy0aJr/view?usp=drive_link
2015,Spain,52358.62165,5.118875327,3.233946897,394171.6231,3468911.133,21.89923077,1.593748927,1.616529822,1.563524638,3.913987765,42.31278343,57615,13.25942833,61.86941598,82.59669757,8.753566,2.40277,https://drive.google.com/file/d/1y-MzVc0Y8y7f516ErRxMlskX3BKy0aJr/view?usp=drive_link
2016,Spain,687.7566733,4.855775857,4.526891386,21666.03846,6293.8,27.05769231,1.896568949,2.333752632,1.961796766,59.65853968,72.31231818,125945,35.45555697,112.1825386,81.44878488,9.26435947,3.957136364,https://drive.google.com/file/d/1y-MzVc0Y8y7f516ErRxMlskX3BKy0aJr/view?usp=drive_link
2017,Spain,43658.97898,6.816589136,3.249985415,207784.7769,173364,11.91230769,1.262519989,1.282284976,1.236139469,29.44875183,76.38536491,58521,23.96833918,6.839667796,82.32439244,8.241717417,3.258008333,https://drive.google.com/file/d/1y-MzVc0Y8y7f516ErRxMlskX3BKy0aJr/view?usp=drive_link
2018,Spain,269.6611365,7.594894733,0.422364157,9950.815385,3611.9,74.61538462,-0.421999156,-0.735883415,-0.324745864,1.774181217,3.157427954,6739,13.26486486,3.689281924,61.427,1.814495867,0.1764125,https://drive.google.com/file/d/1y-MzVc0Y8y7f516ErRxMlskX3BKy0aJr/view?usp=drive_link
2019,Spain,5123.554473,2.626987267,2.251317629,318283.4231,11419,12.71538462,1.572336793,1.783171773,1.298277512,47.35545915,84.22486365,1636742,11.22529326,88.74277782,8.997569756,7.977802435,4.167307692,https://drive.google.com/file/d/1y-MzVc0Y8y7f516ErRxMlskX3BKy0aJr/view?usp=drive_link
2020,Spain,145.6763714,4.725652977,2.631449573,394571.8231,655643.167,8.393846154,-0.861479926,-1.231442886,-0.342298776,41.11868959,76.51637259,494765,13.87229811,83.94193678,7.213,2.948526581,2.203533333,https://drive.google.com/file/d/1y-MzVc0Y8y7f516ErRxMlskX3BKy0aJr/view?usp=drive_link
2021,Spain,34997.78164,4.145323954,1.218163318,335095.8462,6277,2.312307692,1.962934494,0.733757595,1.367321134,42.35495242,88.54168178,6444,16.83723679,8.492339952,83.52682927,3.973300583,2.271858333,https://drive.google.com/file/d/1y-MzVc0Y8y7f516ErRxMlskX3BKy0aJr/view?usp=drive_link
2022,Spain,9655.391229,3.898399673,2.891958743,27769.19231,121878,54.04846154,1.981859444,2.187814323,1.797951698,41.73738371,13.17561383,1616,25.746886,7.545728248,83.16341463,8.62964249,4.519461538,https://drive.google.com/file/d/1y-MzVc0Y8y7f516ErRxMlskX3BKy0aJr/view?usp=drive_link
2008,United Kingdom,755.5517621,4.913966839,9.734618474,305751.2769,17136.9,8.738461538,0.697986145,-0.341142341,-0.711269811,31.1938143,36.52252748,123572,25.91578255,56.21797968,62.341,4.373664565,0.77395,https://drive.google.com/file/d/1Rs-dUMGUqabB6Dh7hrUk-ZKZ77XY9am0/view?usp=drive_link
2009,United Kingdom,313.5137332,5.519594973,3.762295921,186817.9077,185764.6,15.55230769,0.843659341,0.715531562,0.992734457,34.93348757,64.85234163,379969,15.22525314,68.38177658,83.17848785,6.615366573,3.8616,https://drive.google.com/file/d/1Rs-dUMGUqabB6Dh7hrUk-ZKZ77XY9am0/view?usp=drive_link
2010,United Kingdom,46585.89756,7.597479723,0.189665132,308679.2769,31986.667,6.095384615,1.396582193,1.649292222,1.241773725,28.81996485,62.24551887,4758,26.38665355,58.87498535,8.7,7.47176345,2.771023077,https://drive.google.com/file/d/1Rs-dUMGUqabB6Dh7hrUk-ZKZ77XY9am0/view?usp=drive_link
2011,United Kingdom,15355.56497,2.444339834,6.931281625,52949.51538,117591.0857,21.28846154,0.694663799,0.968281366,0.546773971,35.67725363,19.99456434,98549,17.72887194,75.1835435,58.89664286,4.017479494,2.044792308,https://drive.google.com/file/d/1Rs-dUMGUqabB6Dh7hrUk-ZKZ77XY9am0/view?usp=drive_link
2012,United Kingdom,54966.48884,3.396222795,2.597783467,394171.6231,1840207.472,21.89923077,1.566221643,1.658579826,1.567748416,33.71848743,39.99538774,59956,12.43754023,67.26244133,76.59357049,7.695435906,2.40277,https://drive.google.com/file/d/1Rs-dUMGUqabB6Dh7hrUk-ZKZ77XY9am0/view?usp=drive_link
2013,United Kingdom,66983.13217,3.819177468,6.83893765,21666.03846,4573.148571,27.05769231,1.938132172,2.427442932,1.996976553,69.31398164,7.191275664,1322,33.82216023,128.559269,49.54547179,8.723318045,3.957136364,https://drive.google.com/file/d/1Rs-dUMGUqabB6Dh7hrUk-ZKZ77XY9am0/view?usp=drive_link
2014,United Kingdom,4963.837337,2.562393564,3.7883559,207784.7769,91374.21429,11.91230769,1.182724227,1.259529948,1.165868895,34.12773994,74.61175488,617855,21.84137431,72.14351312,82.19914837,8.241717417,3.258008333,https://drive.google.com/file/d/1Rs-dUMGUqabB6Dh7hrUk-ZKZ77XY9am0/view?usp=drive_link
2015,United Kingdom,299.3193827,4.846634856,0.34713814,9950.815385,24318.31786,74.61538462,-0.321951187,-0.759713116,-0.356944489,12.21524288,27.05964527,7411,14.69539047,33.72955565,53.90464286,1.814495867,0.1764125,https://drive.google.com/file/d/1Rs-dUMGUqabB6Dh7hrUk-ZKZ77XY9am0/view?usp=drive_link
2016,United Kingdom,48432.45587,1.785282964,1.163376391,318283.4231,10683.64286,12.71538462,1.533154368,1.818375826,1.289874389,5.337854437,82.81912549,1657577,10.74306761,98.61915414,39.58413113,7.977802435,4.167307692,https://drive.google.com/file/d/1Rs-dUMGUqabB6Dh7hrUk-ZKZ77XY9am0/view?usp=drive_link
2017,United Kingdom,1191.354325,3.623819165,2.752959143,394571.8231,364784.4848,8.393846154,-0.866642535,-1.118662119,-0.288989584,43.3549346,76.75937894,578193,8.605333985,89.48156973,64.77742857,2.948526581,2.203533333,https://drive.google.com/file/d/1Rs-dUMGUqabB6Dh7hrUk-ZKZ77XY9am0/view?usp=drive_link
2018,United Kingdom,32254.62472,2.565374319,1.868147266,335095.8462,10051.35714,2.312307692,1.159731355,0.748461641,1.349573493,48.25652274,85.16717479,683585,14.36950895,96.78361542,66.28175703,3.973300583,2.271858333,https://drive.google.com/file/d/1Rs-dUMGUqabB6Dh7hrUk-ZKZ77XY9am0/view?usp=drive_link
2019,United Kingdom,16148.77863,3.285576544,0.824719182,27769.19231,73078.71429,54.04846154,1.762171569,2.677646753,1.942186335,55.67352639,8.163166566,24985,24.57476825,82.99882227,66.62003751,8.252346822,4.519461538,https://drive.google.com/file/d/1Rs-dUMGUqabB6Dh7hrUk-ZKZ77XY9am0/view?usp=drive_link
2020,United Kingdom,6776.487743,2.422993525,2.26545818,305751.2769,93867.97143,8.738461538,0.197373219,-0.319765212,-0.12531797,33.44387149,37.293362,12291,24.09992317,64.98849852,58.60964286,4.373664565,0.77395,https://drive.google.com/file/d/1Rs-dUMGUqabB6Dh7hrUk-ZKZ77XY9am0/view?usp=drive_link
2021,United Kingdom,2935.168521,5.451739623,3.263935118,186817.9077,147378.235,15.55230769,0.799932122,0.685312923,0.927578897,41.55132815,63.77226649,418364,13.79947141,81.69325534,82.74376241,6.615366573,3.8616,https://drive.google.com/file/d/1Rs-dUMGUqabB6Dh7hrUk-ZKZ77XY9am0/view?usp=drive_link
2022,United Kingdom,4585.426122,4.116213881,1.437458587,308679.2769,8757.1905,6.095384615,1.415491223,1.621561689,1.238634825,32.72264634,55.54855325,53222,25.38776312,68.92341476,44.8857952,7.47176345,2.771023077,https://drive.google.com/file/d/1Rs-dUMGUqabB6Dh7hrUk-ZKZ77XY9am0/view?usp=drive_link