Country Name,Country Code,Time,Time Code,GDP per capita (current US$) [NY.GDP.PCAP.CD],GDP growth (annual %) [NY.GDP.MKTP.KD.ZG],"Foreign direct investment, net inflows (% of GDP) [BX.KLT.DINV.WD.GD.ZS]",CO2 emissions (kt) [EN.ATM.CO2E.KT],Forest area (sq. km) [AG.LND.FRST.K2],Renewable energy consumption (% of total final energy consumption) [EG.FEC.RNEW.ZS],Rule of Law: Estimate [RL.EST],Control of Corruption: Estimate [CC.EST],Government Effectiveness: Estimate [GE.EST],Exports of goods and services (% of GDP) [NE.EXP.GNFS.ZS],Manufactures exports (% of merchandise exports) [TX.VAL.MANF.ZS.UN],Trade (% of GDP) [NE.TRD.GNFS.ZS],Merchandise exports (current US$) [TX.VAL.MRCH.CD.WT],Tax revenue (% of GDP) [GC.TAX.TOTL.GD.ZS],"Life expectancy at birth, total (years) [SP.DYN.LE00.IN]",Domestic general government health expenditure (% of GDP) [SH.XPD.GHED.GD.ZS],"Physicians (per 1,000 people) [SH.MED.PHYS.ZS]",
Chile,CHL,2008,YR2008,10783.17082,3.789392806,10.28206276,67991.6,165436.2,30.83,1.210357308,1.317986846,1.062142253,41.16256079,15.47316433,80.67662624,64510000000,18.70926556,78.484,2.93380761,1.0389,
Chile,CHL,2009,YR2009,10182.86056,-1.118037236,8.082907872,65450.6,166344.4,31.53,1.194090486,1.321234822,1.137571573,37.1156348,12.94744793,66.68603096,55463000000,14.60586057,78.741,3.37831378,1.0294,
Chile,CHL,2010,YR2010,12767.78204,5.851651022,7.378757317,69749.1,167252.6,27.04,1.225415707,1.441626906,1.157241821,37.90399432,12.1581535,69.71768014,71109000000,17.47100627,78.501,3.19127989,1.4333,
Chile,CHL,2011,YR2011,14628.57246,6.223896785,10.17612078,76470.5,168994.24,28.79,1.263338566,1.47659266,1.152272344,37.68978027,13.23118742,72.48164281,81438000000,18.936096,79.11,3.19340086,1.5854,
Chile,CHL,2012,YR2012,15406.49284,6.155340019,11.90301003,78412.6,170735.88,30.31,1.287656784,1.543591261,1.178443551,33.8455905,13.59036072,68.15614289,77791000000,18.99105955,79.023,3.36552095,1.7471,
Chile,CHL,2013,YR2013,15833.27592,3.308508247,7.618235798,82998.5,172477.52,30.23,1.255251408,1.498959064,1.158450365,32.08746359,13.49801913,65.14328795,76770000000,17.4587729,79.339,3.5473907,1.8806,
Chile,CHL,2014,YR2014,14666.34312,1.792649471,9.840910041,76560.3,174219.16,26.95,1.34896946,1.441059232,1.035442948,33.00390297,13.693714,65.63462812,75065000000,17.04450121,79.473,3.72688317,2.0278,
Chile,CHL,2015,YR2015,13569.94813,2.1519425,7.32640439,82260.4,175960.8,25.06,1.220056891,1.183169365,0.919540107,29.19107949,13.89466047,59.34911048,62035000000,17.54608293,79.746,3.98668075,2.147,
Chile,CHL,2016,YR2016,13785.6876,1.753038749,4.557918621,86504.7,177190.1,24.55,0.960226476,1.023324966,0.834684908,27.92315811,14.08120332,56.05786109,60718000000,17.46896441,80.079,4.22976255,2.2937,
Chile,CHL,2017,YR2017,15045.52785,1.357695373,1.895024593,87136.9,178419.4,24.1,0.979842782,1.00147748,0.809503496,28.33137683,12.96615643,56.02615897,68823000000,17.50579468,80.35,4.57049799,2.4411,
Chile,CHL,2018,YR2018,15795.70814,3.990029478,2.688747729,86581.3,179648.7,25.46,0.939828157,0.958148718,0.907250464,28.52904474,12.91072557,58.17705063,74839000000,18.3955245,80.133,4.65451145,2.5912,
Chile,CHL,2019,YR2019,14627.14502,0.743130031,4.875912843,91915.4,180878,25.27,0.92345041,0.979157269,0.86359185,27.8432682,12.80084285,57.54685753,68794000000,17.69889328,80.326,4.7519598,2.6614,
Chile,CHL,2020,YR2020,13165.38634,-6.145246857,4.505144758,84827.8,182107,26.73,0.927434802,1.106734037,0.705384672,31.30376959,11.55999128,58.13342703,74023000000,16.18240785,79.377,5.50038815,2.8351,
Chile,CHL,2021,YR2021,16247.40102,11.73743107,5.030735199,..,183336.2,..,0.891350985,0.956733346,0.592204332,31.97966769,10.73210322,64.72162465,94775000000,19.59818151,78.944,5.17123127,..,
Chile,CHL,2022,YR2022,15355.5065,2.440403398,6.931280016,..,..,..,0.69040066,0.968280137,0.54677397,35.67072536,19.99456434,75.01835435,98549000000,..,..,..,..,
Canada,CAN,2008,YR2008,46710.50558,1.004289199,4.515137142,550553.2,3474181.62,21.3,1.796393037,1.987721443,1.782482386,34.39500555,46.25459461,67.02360836,4.56471E+11,12.3901656,80.72463415,6.70162201,1.959,
Canada,CAN,2009,YR2009,40876.31015,-2.925955647,1.524131181,521399.4,3473701.86,21.94,1.796726704,2.051796675,1.742083311,28.51583432,48.9832616,58.47439182,3.16094E+11,12.30438595,81.06609756,7.52310753,..,
Canada,CAN,2010,YR2010,47562.08343,3.089919462,1.837256387,537091.5,3473222.1,21.13,1.798590422,2.061873198,1.777826786,29.16738193,47.32893938,60.2081215,3.87481E+11,11.7328093,81.32219512,7.48269749,2.0384,
Canada,CAN,2011,YR2011,52223.69611,3.146100491,2.137833108,549369.9,3472809.1,21.17,1.727119923,1.971133471,1.772545457,30.67839192,44.34810321,62.49873877,4.51335E+11,11.80392128,81.48268293,7.31006718,..,
Canada,CAN,2012,YR2012,52669.08996,1.760961588,2.700169009,546291.6,3472396.1,21.44,1.756421208,1.918904424,1.756970048,30.35302552,46.68835893,62.59554894,4.55592E+11,11.66442736,81.66365854,7.40953112,2.3962,
Canada,CAN,2013,YR2013,52635.17496,2.329122506,3.629803984,555742.4,3471983.1,21.84,1.747499347,1.879342556,1.781250119,30.33193867,45.48990705,62.2310749,4.58318E+11,11.6235046,81.74487805,7.36776829,2.4509,
Canada,CAN,2014,YR2014,50955.99832,2.870036075,3.55390337,561760.5,3471570.1,21.83,1.886384726,1.832427263,1.754353166,31.73657587,44.11329715,64.37866216,4.763E+11,11.80837908,81.78439024,7.24133968,2.4961,
Canada,CAN,2015,YR2015,43596.13554,0.659176864,3.853894537,558747.2,3471157.1,21.83,1.807273388,1.845864892,1.731752515,31.84996096,50.70741249,66.16490207,4.10062E+11,12.38981091,81.81560976,7.59109926,2.5388,
Canada,CAN,2016,YR2016,42315.60371,1.001394414,2.238350121,556874.1,3470760.4,21.62,1.801364541,1.944438457,1.745492697,31.50257241,52.67569966,65.36368452,3.89991E+11,12.49656263,81.92487805,7.68809605,2.3105,
Canada,CAN,2017,YR2017,45129.4293,3.039880225,1.53752072,568175.9,3470390.5,22.35,1.762530088,1.880703807,1.815371752,31.45441015,48.74193235,65.10106085,4.20665E+11,12.61201668,81.83292683,7.57427883,2.6102,
Canada,CAN,2018,YR2018,46547.79518,2.777040554,2.469356805,579573.9,3470020.7,21.92,1.715095401,1.789857745,1.675177932,32.32540373,47.64957676,66.59988585,4.52313E+11,13.05768467,81.84390244,7.57710123,2.4251,
Canada,CAN,2019,YR2019,46374.15275,1.888223585,2.80676687,566001.8,3469650.8,22.47,1.719728947,1.729976535,1.697395086,32.35269582,47.85181369,66.17148528,4.48817E+11,12.7416889,82.22878049,7.6410737,2.4425,
Canada,CAN,2020,YR2020,43349.67786,-5.074357568,1.844172162,516873.7,3469281,23.85,1.618298292,1.565556288,1.598744869,29.68084533,46.9170216,61.60192354,3.90763E+11,13.56960575,81.6704878,9.70065022,..,
Canada,CAN,2021,YR2021,52358.62164,5.011800875,3.233946897,..,3468911.133,..,1.593748927,1.616529822,1.563524604,30.91398771,42.03102783,61.86941598,5.07615E+11,13.25942833,82.59660976,8.7053566,..,
Canada,CAN,2022,YR2022,54966.48884,3.396202279,2.509778347,..,..,..,1.566220164,1.658579826,1.567070484,33.71848743,39.90953871,67.26244013,5.99056E+11,..,..,..,..,
Denmark,DNK,2008,YR2008,64321.67448,-0.512016745,0.620110504,50127.7,5835.12,18.54,1.954056263,2.376408815,2.241359234,54.17579741,63.34581974,104.8282299,1.16923E+11,33.42154071,78.44634146,7.99141836,3.5768,
Denmark,DNK,2009,YR2009,58163.63853,-4.90654773,1.173895121,47933.6,5850.01,19.33,1.917127132,2.435494423,2.228607893,47.12607346,64.57932745,89.75503929,93984000000,33.18383922,78.59756098,9.01539803,3.6488,
Denmark,DNK,2010,YR2010,58041.39844,1.870991147,-3.654669083,48124.8,5864.9,21.2,1.898441792,2.352359056,2.100070477,50.52292764,60.55006545,94.09997689,96440000000,32.73723667,79.1,8.93877125,3.7211,
Denmark,DNK,2011,YR2011,61753.64713,1.336777767,3.941503188,43098,5941.28,23.83,1.919791341,2.392884016,2.101074696,53.82014893,60.45507214,101.2457955,1.11864E+11,32.75348927,79.8,8.7352457,3.7808,
Denmark,DNK,2012,YR2012,58507.50805,0.226499792,-4.997670326,38216.2,6017.66,26.93,1.875066876,2.382462263,1.986991048,54.63049402,58.1301479,103.2409703,1.05469E+11,33.44639821,80.05121951,8.87701893,3.8243,
Denmark,DNK,2013,YR2013,61191.1937,0.933340972,0.198012181,39960.7,6094.04,27.05,1.902293801,2.399264097,1.943686962,54.82881899,58.33374239,103.0501411,1.10949E+11,33.81975266,80.3,8.72416973,3.8335,
Denmark,DNK,2014,YR2014,62548.98473,1.619393811,1.863305283,35820,6170.42,30.19,2.10087657,2.252340317,1.785383344,54.61313944,61.12773298,102.2639163,1.11493E+11,36.50029166,80.7,8.70544338,3.8632,
Denmark,DNK,2015,YR2015,53254.85637,2.342591108,0.611475183,33704.9,6246.8,32.53,2.015602112,2.186062336,1.795310259,55.4181744,62.07903812,104.0482284,95457000000,33.92161906,80.70243902,8.7154789,3.9257,
Denmark,DNK,2016,YR2016,54663.99837,3.245956985,2.49237426,35340.3,6246.6,31.95,1.883536696,2.202885151,1.821736574,53.42598052,71.2920543,100.1688288,95326000000,33.29505948,80.85365854,8.6299839,4.0099,
Denmark,DNK,2017,YR2017,57610.09818,2.821736341,1.086132947,33184,6256,35.02,1.803556561,2.190132141,1.746446013,55.07737678,70.43495292,102.9793899,1.02506E+11,33.39987958,81.10243902,8.47816181,4.1324,
Denmark,DNK,2018,YR2018,61591.92887,1.989537315,2.456000967,33133.3,6265.6,34.56,1.773296595,2.15647912,1.810584188,56.55980449,71.2583041,106.9749964,1.09696E+11,32.2352444,80.95365854,8.45675373,4.2247,
Denmark,DNK,2019,YR2019,59592.98069,1.493486959,-1.097185465,29696.5,6275,37.29,1.833646059,2.121617317,1.873381019,58.64718222,72.41458376,110.2248286,1.11076E+11,34.83404296,81.45121951,8.4725647,..,
Denmark,DNK,2020,YR2020,60915.4244,-1.994607569,-0.074235867,27356.5,6284.4,39.7,1.808279395,2.236468792,1.840414047,54.92962126,73.92776537,103.5122596,1.08454E+11,34.40764872,81.60243902,8.93393898,..,
Denmark,DNK,2021,YR2021,68007.75667,4.855707586,4.526891386,..,6293.8,..,1.89605689,2.333752632,1.961796761,59.65853968,72.31231818,112.1802539,1.25945E+11,35.4555507,81.40487805,9.26435947,..,
Denmark,DNK,2022,YR2022,66983.132,3.819017747,6.838937604,..,..,..,1.900308132,2.402744293,1.990609765,69.3139816,70.19127057,128.0000559,1.3022E+11,..,..,..,..,
France,FRA,2008,YR2008,45515.96175,0.25494596,2.320491389,358211.2,161928,10.6,1.496273756,1.39503479,1.574034333,28.11938486,77.50427832,57.39708289,6.1624E+11,22.00523996,81.21463415,7.4163928,3.4156,
France,FRA,2009,YR2009,41737.76355,-2.873313828,0.682106492,343882.5,163059,11.32,1.445757031,1.429969311,1.477054477,24.83554721,78.60176128,50.46245085,4.84781E+11,20.70142768,81.41463415,7.97806454,3.3693,
France,FRA,2010,YR2010,40676.06479,1.949437623,1.470195727,347940.1,164190,11.99,1.499731541,1.487756133,1.462661028,26.78829984,78.22245735,54.86779108,5.23767E+11,21.95265949,81.66341463,7.9076767,3.3736,
France,FRA,2011,YR2011,43846.46608,2.192700633,1.542875408,335031.9,165024,10.65,1.429734826,1.537773252,1.392306805,28.42133748,76.13002133,58.79057642,5.96473E+11,21.81649646,82.11463415,7.85247946,3.1491,
France,FRA,2012,YR2012,40870.85236,0.313134751,1.227596621,338315.4,165858,12.35,1.436932445,1.471969485,1.373381257,29.20302719,76.60210394,59.70205917,5.68708E+11,22.53074008,81.96829268,7.94105148,3.1636,
France,FRA,2013,YR2013,42602.71797,0.576326675,1.123423424,338453.1,166692,13.44,1.40233779,1.304377317,1.482616782,29.36473787,76.96208802,59.76405507,5.80963E+11,23.21091787,82.2195122,8.01780128,3.1811,
France,FRA,2014,YR2014,43068.54872,0.956183052,0.203254563,306017.4,167526,13.19,1.453593969,1.288246036,1.413544774,29.6666845,77.55056292,60.47879652,5.81393E+11,23.16141532,82.7195122,8.11223507,3.1941,
France,FRA,2015,YR2015,36652.92231,1.112912341,1.755723741,311175.4,168360,13.34,1.366789818,1.248263836,1.417858601,30.59262238,78.73232837,61.75169393,5.06264E+11,23.19771546,82.32195122,8.26771069,3.2071,
France,FRA,2016,YR2016,37062.53357,1.095464404,1.326491698,313835.2,169194,14.25,1.35174191,1.328667521,1.38138175,30.24753718,79.69801821,61.10014238,5.01179E+11,23.0648275,82.57317073,8.61525917,3.2206,
France,FRA,2017,YR2017,38781.04949,2.291419994,1.38212039,317721.2,170028,14.12,1.39693749,1.22440362,1.308816314,30.94863319,79.94721678,62.96184729,5.35298E+11,23.62933465,82.57560976,8.59983444,3.2392,
France,FRA,2018,YR2018,41557.85486,1.865066071,2.776578144,306948.4,170862,15.21,1.396100879,1.281640649,1.419796348,31.71366721,79.79421148,64.4379526,5.82222E+11,24.17084372,82.67560976,8.49712181,3.24,
France,FRA,2019,YR2019,40494.89829,1.842971814,1.960494002,300561.6,171696,15.53,1.371217132,1.24832809,1.33828783,31.59205541,80.50345997,64.14147319,5.70951E+11,24.51466278,82.82682927,8.34206104,3.2735,
France,FRA,2020,YR2020,39055.28293,-7.784586492,0.733943387,267154.7,172530,16.87,1.29722631,1.122349262,1.204635501,27.45022764,77.04671546,56.86382289,4.88637E+11,24.71697305,82.17560976,9.36361694,..,
France,FRA,2021,YR2021,43658.97898,6.816589136,3.240998541,..,173364,..,1.260251999,1.282284975,1.230613947,29.44875183,76.03853605,60.8396678,5.85021E+11,23.96833902,82.32439024,..,..,
France,FRA,2022,YR2022,40963.83734,2.562393564,3.78830559,..,..,..,1.182720423,1.259529948,1.16580689,34.01277399,74.61175488,72.14351312,6.17855E+11,..,..,..,..,
Kenya,KEN,2008,YR2008,915.9989157,0.232282745,0.266291327,10411.7,36853.1,79.87,-0.999996305,-1.068366289,-0.624475121,22.67405755,36.48321049,57.57859865,5001000000,..,59.614,1.15410376,0.1664,
Kenya,KEN,2009,YR2009,1049.121794,3.306939816,0.274534231,12424.4,36508.25,77.61,-1.022645473,-1.07073009,-0.664479375,18.77494549,36.40395617,45.94519181,4463000000,..,60.365,1.4598949,0.1686,
Kenya,KEN,2010,YR2010,1093.639628,8.058473603,0.392164286,13424.4,36163.4,76.11,-0.953961968,-0.911055028,-0.582948446,20.12435965,33.93829175,50.39428735,5169000000,..,60.649,1.56062746,0.1696,
Kenya,KEN,2011,YR2011,1099.315465,5.12110612,3.094711033,13963.9,35975.54,76.79,-0.91299665,-0.963742495,-0.578526676,21.54947707,..,58.40220597,5756000000,..,61.046,1.60566163,0.1748,
Kenya,KEN,2012,YR2012,1289.780795,4.568679614,2.447259403,12981.3,35787.68,78.25,-0.831432939,-1.098877668,-0.540134847,19.86494772,..,51.62369202,6127000000,..,61.115,1.62624443,0.1825,
Kenya,KEN,2013,YR2013,1376.829206,3.797848393,1.81417037,14387.7,35599.82,76.55,-0.714889407,-1.035941601,-0.477090716,17.79218055,36.26652745,47.46464251,5856000000,..,61.389,1.66091359,0.1907,
Kenya,KEN,2014,YR2014,1489.919724,5.020111002,1.202208422,16700,35411.96,74.31,-0.411822498,-0.938904762,-0.358016878,16.47280447,..,46.17048936,6115000000,15.18702127,61.816,1.83768213,0.1959,
Kenya,KEN,2015,YR2015,1496.653568,4.967721128,0.883799939,18090.3,35224.1,71.96,-0.506872714,-1.030673742,-0.393306106,15.1287339,31.48984432,40.32738469,5906000000,14.83948265,61.892,1.92388499,..,
Kenya,KEN,2016,YR2016,1562.076611,4.213517068,0.627591269,19310.1,35519.7,71.07,-0.455839783,-0.913663983,-0.401780695,13.2497448,31.48034207,34.86501957,5695000000,14.96647273,62.163,2.03529072,..,
Kenya,KEN,2017,YR2017,1675.98843,3.837958174,1.640836896,20097.2,35815.3,71.03,-0.430152923,-0.975330949,-0.390950412,12.73665994,28.28539002,35.99505788,5747000000,15.05246413,62.481,1.71156442,..,
Kenya,KEN,2018,YR2018,1845.783413,5.647946407,0.832686218,19253.9,36110.9,71.63,-0.4276537,-0.862696052,-0.493594706,12.54197533,28.4256487,34.41475318,6052000000,14.36127892,62.676,1.7670722,0.1565,
Kenya,KEN,2019,YR2019,1970.080063,5.114158858,0.468168549,19481.9,36110.9,71.42,-0.464465976,-0.807418883,-0.441803724,11.42799666,30.77102358,31.75946673,5839000000,15.10010935,62.943,2.00519562,..,
Kenya,KEN,2020,YR2020,1936.250752,-0.272766327,0.423520518,19446.8,36110.9,72.5,-0.577875257,-0.876583576,-0.398768902,9.640399923,27.91505263,27.23634937,6034000000,14.29982263,62.675,2.03427505,..,
Kenya,KEN,2021,YR2021,2069.661137,7.590489473,0.422364157,..,36110.9,..,-0.421999156,-0.735883415,-0.324745864,10.77418122,30.15740208,30.68928192,6739000000,13.26486486,61.427,..,..,
Kenya,KEN,2022,YR2022,2099.301938,4.846634856,0.34701381,..,..,..,-0.321951181,-0.759701312,-0.300569445,12.21524288,..,33.72955056,7411000000,..,..,..,..,
Germany,DEU,2008,YR2008,45612.71062,0.959879134,0.826503411,789690.4,113980,10.25,1.734026194,1.745895863,1.514055371,43.79919026,83.326014,81.52480473,1.44617E+12,11.47230109,79.73658537,7.7165823,3.5863,
Germany,DEU,2009,YR2009,41650.36783,-5.693836336,1.662198034,734805.5,114035,10.72,1.648672223,1.746210337,1.575109243,38.11990694,83.94575321,71.2287129,1.12004E+12,11.61493705,79.83658537,8.50175571,3.6638,
Germany,DEU,2010,YR2010,41572.45595,4.179882499,2.530762023,773069.1,114090,11.61,1.637504697,1.766428828,1.515693784,42.56547341,83.88881114,79.86862424,1.25892E+12,11.19029793,79.98780488,8.39849472,3.7567,
Germany,DEU,2011,YR2011,46705.8958,3.925192705,2.601419304,746477.3,114110,12.54,1.618219256,1.741949916,1.500138998,45.05713628,83.44153335,85.20612127,1.47399E+12,11.48138523,80.43658537,8.12835026,3.8491,
Germany,DEU,2012,YR2012,43855.85447,0.418497594,1.855413408,760127.7,114130,13.64,1.669232011,1.817630172,1.530975819,46.30712014,83.36119918,86.51405488,1.40111E+12,11.62298611,80.53902439,8.18770885,3.9197,
Germany,DEU,2013,YR2013,46298.92292,0.437591303,1.799764604,776151.8,114150,13.63,1.642112851,1.797943592,1.510988116,45.41867786,83.39405646,85.0788767,1.44507E+12,11.61150337,80.4902439,8.4049654,4.0087,
Germany,DEU,2014,YR2014,48023.86998,2.209543431,0.502227193,736011.7,114170,14.02,1.850373387,1.812496543,1.665409803,45.61926331,83.6405454,84.62009339,1.49421E+12,11.4825632,81.0902439,8.48884487,4.0846,
Germany,DEU,2015,YR2015,41103.25644,1.491931528,1.860729182,742314.4,114190,14.55,1.759659886,1.776123524,1.656743407,46.92073836,84.23469636,86.24622461,1.32621E+12,11.47872896,80.64146341,8.60692406,4.1342,
Germany,DEU,2016,YR2016,42136.12079,2.229999868,1.865906917,747147.2,114190,14.24,1.583852768,1.78145051,1.660836101,46.07326285,84.82534348,84.76964597,1.33436E+12,11.29612025,80.9902439,8.68167686,4.1944,
Germany,DEU,2017,YR2017,44652.58917,2.680231114,2.966416856,732204.2,114190,15.22,1.573621154,1.796617866,1.612810254,47.16304068,86.31911083,87.23720295,1.44819E+12,11.41912242,80.99268293,8.78484631,4.2488,
Germany,DEU,2018,YR2018,47939.27829,0.981232606,4.1997218,707770.2,114190,16.04,1.591349125,1.898325324,1.523580909,47.30885914,85.25504003,88.51987104,1.56054E+12,11.45698198,80.89268293,8.85075378,4.2996,
Germany,DEU,2019,YR2019,46793.68676,1.056603898,1.902524713,658693.5,114190,17.07,1.581253052,1.86536622,1.495465875,46.66961299,85.0743163,87.68640989,1.48941E+12,11.40856141,81.29268293,9.02511978,4.3716,
Germany,DEU,2020,YR2020,46772.82535,-3.696788705,4.134044807,603350.5,114190,18.6,1.519799232,1.825713873,1.31406188,43.01312903,84.89296237,80.39830506,1.38253E+12,10.56230784,81.04146341,10.05796528,4.4348,
Germany,DEU,2021,YR2021,51203.55447,2.626987267,2.251301763,..,114190,..,1.572336793,1.783171773,1.290827751,47.03055459,84.22486365,88.74277782,1.63674E+12,11.22529326,80.90097561,..,..,
Germany,DEU,2022,YR2022,48432.45587,1.78520821,1.163376391,..,..,..,1.533154368,1.818375826,1.289807439,50.33785444,82.81910255,98.61915414,1.65758E+12,..,..,..,..,
Mexico,MEX,2008,YR2008,10119.82106,1.143584587,2.680443083,459548.1,672309.18,9.77,-0.68928355,-0.309849888,0.160689965,27.70149583,72.88065037,57.77703093,2.91265E+11,10.02376741,74.152,2.61655521,1.9494,
Mexico,MEX,2009,YR2009,8104.922573,-5.285744137,2.183395596,448372.5,670871.14,9.17,-0.562868834,-0.365960121,0.141515777,27.15499933,74.69917738,55.96776976,2.29712E+11,9.679796263,74.119,2.86067653,1.979,
Mexico,MEX,2010,YR2010,9399.964709,5.118118143,2.885677931,462869.5,669433.1,9.36,-0.552031338,-0.439748138,0.096291386,29.69766477,74.54193256,60.76031847,2.98305E+11,10.11091331,74.19,2.8809936,1.9986,
Mexico,MEX,2011,YR2011,10341.50024,3.66300793,2.024144027,478403.5,668208.3,9.07,-0.549887717,-0.474737763,0.252327204,31.03670714,70.74687241,63.46967792,3.49569E+11,10.01240267,74.365,2.91415977,2.1004,
Mexico,MEX,2012,YR2012,10376.0905,3.642322679,1.517915086,486454.2,666983.5,8.97,-0.535180092,-0.484527588,0.296199024,32.26556776,72.72157465,65.76724582,3.7077E+11,9.773015605,74.574,3.00721955,2.1118,
Mexico,MEX,2013,YR2013,10865.68729,1.354091962,3.996052061,475737.5,665758.7,9.23,-0.549149871,-0.59152025,0.302665353,31.30565295,75.08936593,63.76487661,3.80015E+11,10.29457862,74.739,3.12253189,2.1555,
Mexico,MEX,2014,YR2014,11076.13411,2.849773255,2.162018448,462240.1,664533.9,9.76,-0.406367481,-0.842649996,0.134463102,31.87344131,76.70928252,64.9253579,3.96912E+11,10.62560505,74.797,2.89231014,2.2263,
Mexico,MEX,2015,YR2015,9753.400562,3.293151528,3.093333707,471632.6,663309.1,9.19,-0.454451054,-0.888690233,0.117857642,34.52488584,80.85200504,71.08909011,3.8055E+11,12.78239352,74.682,2.98734331,2.3246,
Mexico,MEX,2016,YR2016,8875.082069,2.630532425,3.606795807,476394.6,662031.5,9.22,-0.580000639,-0.850071728,0.027869176,37.04217108,80.90650973,76.06220914,3.73948E+11,13.53436035,74.412,2.84779787,2.3244,
Mexico,MEX,2017,YR2017,9434.378179,2.113129135,2.857326494,474498.5,660753.8,9.99,-0.585919917,-0.951904118,-0.065339759,37.65156846,80.35615879,77.1157445,4.09433E+11,13.03567268,74.138,2.75801349,2.3827,
Mexico,MEX,2018,YR2018,9857.007487,2.194994725,3.096897567,444898.4,659476.1,10.16,-0.641823947,-0.948684394,-0.292913616,39.25755173,79.47184681,80.55938423,4.50713E+11,13.06463778,74.015,2.67172027,2.4248,
Mexico,MEX,2019,YR2019,10145.15263,-0.199047772,2.356672336,451828.8,658198.5,10.27,-0.658984363,-0.917184711,-0.306652963,38.82128516,79.96873137,77.89734695,4.60604E+11,13.14141546,74.202,2.67778802,2.4253,
Mexico,MEX,2020,YR2020,8654.997325,-7.98791234,2.890275278,383131.4,656920.8,12.33,-0.646558285,-0.921504736,-0.26993987,39.49276867,79.17988852,76.93861367,4.17171E+11,14.28683963,70.133,3.30063844,..,
Mexico,MEX,2021,YR2021,10045.67637,4.720565298,2.630144096,..,655643.167,..,-0.806147993,-1.020310044,-0.342298776,41.10186896,76.50163726,83.94190361,4.94765E+11,13.87202981,70.213,..,..,
Mexico,MEX,2022,YR2022,11091.30543,3.06238019,2.752959014,..,..,..,-0.866642535,-1.011866212,-0.280898958,43.35409346,76.7593789,89.48105697,5.78193E+11,..,..,..,..,
"Korea, Rep.",KOR,2008,YR2008,21350.42863,3.012984873,1.068183229,514924.5,64048,1.06,0.860504568,0.425825089,0.994486928,47.64188521,86.55185554,95.51635243,4.22007E+11,14.49519999,79.51707317,3.09052038,1.8407,
"Korea, Rep.",KOR,2009,YR2009,19143.85161,0.79269899,0.955768594,526639.5,63959,1.21,0.994238853,0.499742419,1.024816155,45.18535191,88.788193,86.13361937,3.63534E+11,13.65096445,79.96829268,3.42186928,1.9185,
"Korea, Rep.",KOR,2010,YR2010,23087.22564,6.804824918,0.830143714,575215.7,63870,1.32,1.00820756,0.426656723,1.147816181,47.10373691,88.29233868,91.3995965,4.66384E+11,13.43693029,80.11707317,3.51182413,1.9839,
"Korea, Rep.",KOR,2011,YR2011,25096.26388,3.685667782,0.77982926,598480.8,63770,1.35,1.025590301,0.483322471,1.157943606,53.3377319,85.30059421,105.5663136,5.55214E+11,13.85096763,80.56829268,3.51881123,2.0361,
"Korea, Rep.",KOR,2012,YR2012,25466.76052,2.402530992,0.742779626,600316.3,63670,1.61,0.984835565,0.495882243,1.074502587,54.09405134,84.51650057,105.4583277,5.4787E+11,14.0775915,80.8195122,3.53646016,2.0798,
"Korea, Rep.",KOR,2013,YR2013,27182.73431,3.164708636,0.931328035,599601.4,63570,1.92,0.945151508,0.581155181,1.003903389,51.29207111,85.98716697,97.95210495,5.59632E+11,13.63062344,81.27073171,3.61362767,2.1632,
"Korea, Rep.",KOR,2014,YR2014,29249.57522,3.202453795,0.624771688,588088.6,63470,2.87,1.006099105,0.512293756,1.035922408,47.83142087,86.52771649,90.6144419,5.73091E+11,13.24116166,81.72195122,3.71141768,2.207,
"Korea, Rep.",KOR,2015,YR2015,28732.23108,2.809103268,0.27999556,607827.1,63370,2.74,0.902760029,0.340045571,0.977696836,42.98956153,89.43905544,79.13249439,5.26757E+11,13.15814434,82.02439024,3.81570315,2.2494,
"Korea, Rep.",KOR,2016,YR2016,29288.87044,2.946881715,0.806893302,615443.6,63250,2.56,1.127510786,0.420738995,1.021762252,40.13265091,89.86927176,73.60380947,4.95426E+11,13.98195298,82.27560976,3.97724867,2.3037,
"Korea, Rep.",KOR,2017,YR2017,31616.8434,3.15963574,1.103077991,626178.4,63170,2.84,1.130141139,0.445794493,1.028973937,40.93420694,89.26679785,77.12091781,5.73694E+11,14.49381853,82.62682927,4.11588812,2.3608,
"Korea, Rep.",KOR,2018,YR2018,33436.92306,2.907403774,0.706300894,630186.6,63070,3.18,1.199627161,0.573121369,1.135347366,41.71329084,87.59260023,78.98886551,6.0486E+11,15.53638373,82.62682927,4.40991306,2.4082,
"Korea, Rep.",KOR,2019,YR2019,31902.4169,2.24397786,0.583393861,612133.7,62970,3.23,1.156710029,0.705077529,1.33259666,39.27586107,87.39752053,75.75713897,5.42233E+11,15.19956653,83.22682927,4.84622097,2.4843,
"Korea, Rep.",KOR,2020,YR2020,31721.29802,-0.709415359,0.533043353,569681.8,62870,3.63,1.147331357,0.698436558,1.370355129,36.35959055,89.55714378,69.03404509,5.12498E+11,14.86125767,83.42682927,5.10320282,..,
"Korea, Rep.",KOR,2021,YR2021,34997.78164,4.145323954,1.218163311,..,62770,..,1.096293449,0.733705759,1.367321134,42.03549524,88.05416817,80.49233995,6.444E+11,16.80372361,83.52682927,..,..,
"Korea, Rep.",KOR,2022,YR2022,32254.62472,2.560537432,1.080681472,..,..,..,1.159703135,0.748461604,1.349573493,48.25652274,85.10671748,96.78306154,6.83585E+11,..,..,..,..,
Norway,NOR,2008,YR2008,97503.54078,0.481919541,4.426208377,36872.8,121042,58.45,1.95778656,1.891875744,1.832813621,46.2181009,17.14719977,74.78527993,1.71764E+11,27.7643981,80.59268293,6.69777393,3.9526,
Norway,NOR,2009,YR2009,80347.14416,-1.940364695,2.225859268,37439.3,121031,56.72,1.873499155,1.984983444,1.837609529,39.81014972,21.1246044,67.46431546,1.16778E+11,25.84735411,80.79512195,7.66199112,4.0495,
Norway,NOR,2010,YR2010,88163.20859,0.787051845,5.018943988,40116.4,121020,56.71,1.88987577,2.07725215,1.873542428,40.15032907,18.57684545,68.23951936,1.30657E+11,26.74376696,80.99756098,7.54125357,4.1167,
Norway,NOR,2011,YR2011,101221.8135,1.105656027,2.053676358,39071.3,121098,56.71,1.864178061,2.142632484,1.831712365,41.66126617,15.56762303,69.59873363,1.6041E+11,27.5519417,81.29512195,7.41967487,4.1921,
Norway,NOR,2012,YR2012,102175.9193,2.717959267,5.440562169,38770.1,121176,57.68,1.951031089,2.247982264,1.899935484,41.28706485,15.16803916,68.49855284,1.60953E+11,26.87254323,81.45121951,7.43971157,4.236,
Norway,NOR,2013,YR2013,103553.8401,1.016190824,-0.260184321,39627,121254,57.24,1.970936894,2.286827564,1.877188206,39.86130953,16.45152678,67.97279259,1.56022E+11,25.01013644,81.75121951,7.59215212,4.3063,
Norway,NOR,2014,YR2014,97666.69518,2.048131999,0.646203788,39643,121332,56.32,2.024377823,2.222894669,1.82209897,39.72767204,17.6577858,69.13737722,1.44677E+11,23.41203172,82.1,7.97019482,4.4249,
Norway,NOR,2015,YR2015,74809.9658,1.857339726,1.873994233,40288.8,121410,57.28,1.975319505,2.200422287,1.834049106,38.57518873,21.79324081,70.43185654,1.03915E+11,22.08854882,82.30487805,8.66388416,4.4432,
Norway,NOR,2016,YR2016,70867.361,1.164724235,-5.032549751,39578.4,121488,58.37,1.995051384,2.149371624,1.833029032,35.93817143,22.95749402,69.1168424,88410000000,21.96037593,82.40731707,9.04278946,4.5679,
Norway,NOR,2017,YR2017,76131.8384,2.463746285,1.468742781,39174.9,121566,59.52,1.980092645,2.190474987,1.944123149,36.73226499,19.36825078,69.10878176,1.01054E+11,22.29004036,82.6097561,8.78095436,4.7176,
Norway,NOR,2018,YR2018,82792.84271,0.828931484,-1.287964042,38571.5,121644,59.74,1.922187686,2.050117016,1.845162034,38.22102729,16.62063984,70.00319579,1.21791E+11,23.31360593,82.75853659,8.59087181,4.834,
Norway,NOR,2019,YR2019,76430.58895,1.123746964,3.995134026,37661.6,121722,60.6,1.941097736,2.033835888,1.827783585,36.64092532,19.70537556,70.89582053,1.02799E+11,23.2830044,82.95853659,9.0311842,4.94,
Norway,NOR,2020,YR2020,68340.0181,-1.278171785,-1.115965034,36177.4,121800,61.29,1.931451201,2.065853834,1.888186574,32.21033778,22.28274703,65.35397904,84459000000,21.25318677,83.2097561,9.78682518,5.047,
Norway,NOR,2021,YR2021,90655.39102,3.898399067,2.891950874,..,121878,..,1.908180594,2.108708143,1.797951698,41.73738371,13.17561383,70.54572825,1.60106E+11,25.746886,83.16341463,8.62964249,..,
Norway,NOR,2022,YR2022,106148.7786,3.280557654,0.824719182,..,..,..,1.762171507,2.067760468,1.942180634,55.67352639,8.160316657,82.99882227,2.49805E+11,..,..,..,..,
South Africa,ZAF,2008,YR2008,6251.877175,3.191043886,3.126866269,427111.7,174868.9,9.9,0.005417761,0.153828725,0.332178503,32.25467367,51.50779886,65.9745238,80782000000,24.32280987,56.022,3.38493657,..,
South Africa,ZAF,2009,YR2009,6444.18672,-1.538089135,2.312174747,404354,174504.9,9.37,0.072423071,0.125426695,0.310807675,24.98274649,46.8147315,49.58753533,61677000000,21.8948743,57.447,3.80475187,..,
South Africa,ZAF,2010,YR2010,8059.562841,3.039732881,0.884904607,425548.4,174140.9,9.65,0.097749457,0.065393098,0.191702411,25.78341763,48.69631797,50.40608716,91347000000,22.52060388,58.899,4.00033045,..,
South Africa,ZAF,2011,YR2011,8737.04111,3.168556279,0.903381441,409480.3,173776.9,9.23,0.129662588,-0.004233705,0.217559651,27.69814847,41.11651164,54.63635044,1.08815E+11,22.87467001,60.651,4.12050819,..,
South Africa,ZAF,2012,YR2012,8173.869138,2.396232385,1.064922495,427001.7,173412.9,8.49,0.084444158,-0.184170604,0.170115307,27.13914919,43.49032514,55.58261719,99606000000,23.34576599,61.846,4.1403532,..,
South Africa,ZAF,2013,YR2013,7441.230854,2.485468008,2.053580952,437261.7,173048.9,7.94,0.13549374,-0.137831539,0.306189775,28.37928032,42.38046516,58.87502763,96153000000,23.83139136,62.533,4.14510202,..,
South Africa,ZAF,2014,YR2014,6965.137897,1.413826452,1.519327438,448298.1,172684.9,7.72,0.155454814,-0.124875419,0.165476799,29.0006193,45.78844229,59.49957406,93043000000,24.43193422,63.38,4.3735652,..,
South Africa,ZAF,2015,YR2015,6204.929901,1.321862237,0.438735792,425063.1,172320.9,7.73,0.016313421,-0.07051044,0.087739252,27.71363841,47.64530146,56.72667614,81002000000,25.0486927,63.95,4.59632444,..,
South Africa,ZAF,2016,YR2016,5735.066787,0.664552308,0.684612553,425682.9,171956.9,7.97,0.045057837,0.017409462,0.10193149,28.15608817,47.7084381,55.8612575,76214000000,24.82835599,64.747,4.57297277,0.7675,
South Africa,ZAF,2017,YR2017,6734.475153,1.157946952,0.539673957,435214.5,171592.9,8.03,-0.15508239,-0.127464935,0.07089819,27.34007578,44.02974983,53.53593183,88947000000,24.76928729,65.402,4.56554031,0.7833,
South Africa,ZAF,2018,YR2018,7048.508112,1.522329387,1.378037844,439644.6,171228.9,8.07,-0.221448287,-0.136328086,0.103732906,27.56264021,43.45584651,54.62771158,93970000000,24.96276309,65.674,4.61501074,0.7527,
South Africa,ZAF,2019,YR2019,6688.774746,0.303453235,1.316779217,446626,170864.9,8.84,-0.183931217,-0.031051725,0.127881005,27.29747128,42.9742327,54.05476639,90016000000,24.91847156,66.175,4.81728697,0.7923,
South Africa,ZAF,2020,YR2020,5741.641249,-6.342471149,0.934055029,393241.6,170500.9,9.76,-0.240638092,-0.058959816,0.045240555,27.60030279,38.38797105,50.80098153,85834000000,23.28941201,65.252,5.33053446,..,
South Africa,ZAF,2021,YR2021,7055.055176,4.913096684,9.703406185,..,170136.9,..,0.069079861,-0.034114234,-0.071012698,31.1938143,36.05225275,56.21797968,1.23572E+11,25.91578206,62.341,..,..,
South Africa,ZAF,2022,YR2022,6776.480077,2.042299353,2.265458101,..,..,..,0.019737322,-0.31976521,-0.125317961,33.44387141,37.2933611,64.90884985,1.22901E+11,..,..,..,..,
Spain,ESP,2008,YR2008,35510.72223,0.887067046,4.54012423,324274.2,182550.58,9.74,1.183748126,1.178771973,0.912503183,25.62392917,72.96513186,55.98333004,2.81493E+11,..,81.17560976,6.1428566,3.536,
Spain,ESP,2009,YR2009,32169.50285,-3.763107042,0.640294112,288131.2,184001.99,12.21,1.156002283,1.054948092,0.941682339,23.06169417,72.87192508,46.99487433,2.27338E+11,..,81.47560976,6.83731222,3.5807,
Spain,ESP,2010,YR2010,30532.48051,0.162919518,2.574300627,274140.6,185453.4,14.39,1.156788111,1.160037041,0.94297415,25.95167935,71.64346644,52.92824056,2.54418E+11,..,81.62682927,6.7885623,3.7296,
Spain,ESP,2011,YR2011,31677.90031,-0.814384777,1.812105242,275470.1,185465.08,14.72,1.1693784,1.163212419,0.9724015,29.5349622,69.5868278,58.79317104,3.06551E+11,..,82.47560976,6.73698664,3.8074,
Spain,ESP,2012,YR2012,28322.94659,-2.958922132,1.57376618,270280.4,185476.76,15.75,1.037798285,1.170406342,1.057162166,31.45511995,66.25172812,60.84507479,2.9525E+11,11.76292595,82.42682927,6.60091925,3.7999,
Spain,ESP,2013,YR2013,29077.18206,-1.403341868,3.494685674,243794.9,185488.44,16.92,1.02529192,0.926997602,1.168251991,32.95195248,67.74190042,61.97631572,3.17833E+11,13.61174985,83.07804878,6.43811703,3.7857,
Spain,ESP,2014,YR2014,29513.65118,1.395775367,2.401426131,241979.9,185500.12,17.33,0.966522396,0.689561665,1.173891306,33.46797623,67.74930149,63.83826195,3.24533E+11,14.13527689,83.22926829,6.38631392,3.7767,
Spain,ESP,2015,YR2015,25754.36103,3.838518877,1.925923719,257251.2,185511.8,16.3,0.885937512,0.631589711,1.157853127,33.61086067,70.42628293,64.18320514,2.82274E+11,14.19962304,82.83170732,6.50859737,3.8267,
Spain,ESP,2016,YR2016,26537.15949,3.037774142,3.587463923,248252.1,185552.4,16.71,0.965485215,0.570366204,1.095534325,33.8624576,71.69313242,63.73988263,2.89981E+11,13.78878699,83.32926829,6.40544844,3.8112,
Spain,ESP,2017,YR2017,28185.32137,2.975760729,2.403614412,264723.7,185593,15.18,1.023507476,0.510277867,1.001219749,35.13056434,69.7654001,66.65706087,3.19531E+11,13.71493309,83.28292683,6.31032991,3.8723,
Spain,ESP,2018,YR2018,30379.72111,2.284469419,4.123659565,258373.2,185635.9,16.9,0.978212118,0.612849295,0.969287813,35.14506267,67.35403089,67.57494025,3.46754E+11,14.22575235,83.43170732,6.32118988,4.0299,
Spain,ESP,2019,YR2019,29581.51855,1.983966223,1.856148637,241886.5,185678.8,16.68,0.990445971,0.666526735,0.968881249,34.90690181,66.65032557,66.87389052,3.34018E+11,13.74863209,83.83170732,6.45363188,4.4411,
Spain,ESP,2020,YR2020,26959.67544,-11.32543832,2.868551752,202705.8,185721.7,19.35,0.862033606,0.71118027,0.854268253,30.79994526,65.99724001,60.14316778,3.08317E+11,13.58170787,82.33170732,7.84911251,..,
Spain,ESP,2021,YR2021,30103.51373,5.519594973,3.076229592,..,185764.6,..,0.843659341,0.715503156,0.909273446,34.93348757,64.85203411,68.38177657,3.79969E+11,15.22502531,83.17804878,..,..,
Spain,ESP,2022,YR2022,29350.16852,5.451739623,3.026393512,..,..,..,0.799932122,0.685312092,0.92075789,41.55132815,63.77226649,81.69320055,4.18364E+11,..,..,..,..,
United Kingdom,GBR,2008,YR2008,47432.8791,-0.154344315,8.645343155,515335.6,30380,2.4,1.696649432,1.668904305,1.634806633,27.30851545,67.97280897,56.40528814,4.77475E+11,26.43903039,79.6,7.34308386,2.5543,
United Kingdom,GBR,2009,YR2009,38820.01459,-4.5104856,0.601725462,466492.5,30485,2.92,1.731597781,1.623889804,1.508096457,26.62921537,66.14102035,54.59049077,3.58158E+11,24.12490125,80.05121951,8.13016987,2.6279,
United Kingdom,GBR,2010,YR2010,39693.19387,2.430072895,2.678599117,482646.2,30590,3.13,1.774692535,1.605673909,1.617997527,28.55962704,67.8872228,58.80663441,4.20182E+11,25.21327155,80.40243902,8.04831886,2.6265,
United Kingdom,GBR,2011,YR2011,42150.69814,1.067610914,1.013052041,445648.4,30782,3.94,1.658743739,1.614863515,1.604194641,31.09263188,62.90588546,63.15719581,5.1038E+11,25.79907235,80.95121951,8.01995087,2.6603,
United Kingdom,GBR,2012,YR2012,42485.58607,1.448456757,1.727453795,467831,30974,4.15,1.729413867,1.665460467,1.591210365,30.37453575,65.81741443,61.8899501,4.7878E+11,25.09413445,80.90487805,8.00758743,2.6667,
United Kingdom,GBR,2013,YR2013,43449.09172,1.819863375,1.955025587,453778.1,31166,5.18,1.689435244,1.718892574,1.512769222,30.04921741,58.51432089,61.65552748,5.46755E+11,25.10694071,81.00487805,7.91318083,2.6774,
United Kingdom,GBR,2014,YR2014,47447.58893,3.199702626,1.921244878,415609,31358,6.53,1.874803424,1.746633649,1.623983979,28.38996858,68.24964763,58.8573174,5.10789E+11,24.86103111,81.30487805,7.90565538,2.7149,
United Kingdom,GBR,2015,YR2015,45071.07432,2.393103184,1.54465681,401075.3,31550,7.71,1.771035671,1.831590176,1.705675721,27.63032549,71.64817142,56.91302125,4.6585E+11,24.98987505,80.95609756,7.84124422,2.7465,
United Kingdom,GBR,2016,YR2016,41146.07736,2.165206211,12.03163593,382154.9,31590,7.68,1.640457749,1.850604177,1.574559569,28.6504713,76.18123527,59.25621955,4.10856E+11,25.34052927,81.15609756,7.84041071,2.7563,
United Kingdom,GBR,2017,YR2017,40622.68939,2.44357047,4.67148674,366844.1,31640,8.81,1.644319415,1.813624382,1.430694699,30.67244826,74.01976119,62.7995672,4.40997E+11,25.55126887,81.25609756,7.70561171,2.7828,
United Kingdom,GBR,2018,YR2018,43306.3083,1.705021022,-0.870539118,360555.9,31730,10.09,1.60294652,1.806572199,1.361689329,31.23490667,68.98922077,63.99979605,4.86439E+11,25.47049471,81.25609756,7.73572683,2.8044,
United Kingdom,GBR,2019,YR2019,42747.08046,1.604308648,0.692697277,345934.3,31820,11.39,1.569445848,1.748772383,1.449907899,31.25760606,71.78205756,64.13015313,4.60026E+11,25.03931471,81.40487805,7.9222517,2.9093,
United Kingdom,GBR,2020,YR2020,40318.41692,-11.03085846,4.898158179,308650.3,31900,13.5,1.462932229,1.660060406,1.332666636,29.23718972,68.30491404,58.11615884,3.99529E+11,24.73812497,80.35121951,10.02466106,3.0037,
United Kingdom,GBR,2021,YR2021,46585.89756,7.597470972,0.189665013,..,31986.667,..,1.396580219,1.640929222,1.241773725,28.81996048,62.24551887,58.87498535,4.70508E+11,26.38066536,80.7,..,..,
United Kingdom,GBR,2022,YR2022,45850.42612,4.101621381,1.437045859,..,..,..,1.415491223,1.620156169,1.238634825,32.72264633,55.54855325,68.92304148,5.30222E+11,..,..,..,..,
,,,,,,,,,,,,,,,,,,,,,
,,,,,,,,,,,,,,,,,,,,,
,,,,,,,,,,,,,,,,,,,,,
Data from database: World Development Indicators,,,,,,,,,,,,,,,,,,,,,
Last Updated: 10/26/2023,,,,,,,,,,,,,,,,,,,,,
Code,License Type,Indicator Name,Long definition,Source,Topic,Periodicity,Aggregation method,Statistical concept and methodology,Development relevance,Limitations and exceptions,General comments,Other notes,Notes from original source,Related source links,License URL,,,,,,
NY.GDP.PCAP.CD,CC BY-4.0,GDP per capita (current US$),GDP per capita is gross domestic product divided by midyear population. GDP is the sum of gross value added by all resident producers in the economy plus any product taxes and minus any subsidies not included in the value of the products. It is calculated without making deductions for depreciation of fabricated assets or for depletion and degradation of natural resources. Data are in current U.S. dollars.,"World Bank national accounts data, and OECD National Accounts data files.",Economic Policy & Debt: National accounts: US$ at current prices: Aggregate indicators,Annual,Weighted average,"For more information, see the metadata for current U.S. dollar GDP (NY.GDP.MKTP.CD) and total population (SP.POP.TOTL).",,,,,,,https://datacatalog.worldbank.org/public-licenses#cc-by,,,,,,
NY.GDP.MKTP.KD.ZG,CC BY-4.0,GDP growth (annual %),"Annual percentage growth rate of GDP at market prices based on constant local currency. Aggregates are based on constant 2015 prices, expressed in U.S. dollars. GDP is the sum of gross value added by all resident producers in the economy plus any product taxes and minus any subsidies not included in the value of the products. It is calculated without making deductions for depreciation of fabricated assets or for depletion and degradation of natural resources.","World Bank national accounts data, and OECD National Accounts data files.",Economic Policy & Debt: National accounts: Growth rates,Annual,Weighted average,"Gross domestic product (GDP) represents the sum of value added by all its producers. Value added is the value of the gross output of producers less the value of intermediate goods and services consumed in production, before accounting for consumption of fixed capital in production. The United Nations System of National Accounts calls for value added to be valued at either basic prices (excluding net taxes on products) or producer prices (including net taxes on products paid by producers but excluding sales or value added taxes). Both valuations exclude transport charges that are invoiced separately by producers. Total GDP is measured at purchaser prices. Value added by industry is normally measured at basic prices. When value added is measured at producer prices.

Growth rates of GDP and its components are calculated using the least squares method and constant price data in the local currency. Constant price in U.S. dollar series are used to calculate regional and income group growth rates. Local currency series are converted to constant U.S. dollars using an exchange rate in the common reference year.","An economy's growth is measured by the change in the volume of its output or in the real incomes of its residents. The 2008 United Nations System of National Accounts (2008 SNA) offers three plausible indicators for calculating growth: the volume of gross domestic product (GDP), real gross domestic income, and real gross national income. The volume of GDP is the sum of value added, measured at constant prices, by households, government, and industries operating in the economy. GDP accounts for all domestic production, regardless of whether the income accrues to domestic or foreign institutions.","Each industry's contribution to growth in the economy's output is measured by growth in the industry's value added. In principle, value added in constant prices can be estimated by measuring the quantity of goods and services produced in a period, valuing them at an agreed set of base year prices, and subtracting the cost of intermediate inputs, also in constant prices. This double-deflation method requires detailed information on the structure of prices of inputs and outputs.

In many industries, however, value added is extrapolated from the base year using single volume indexes of outputs or, less commonly, inputs. Particularly in the services industries, including most of government, value added in constant prices is often imputed from labor inputs, such as real wages or number of employees. In the absence of well defined measures of output, measuring the growth of services remains difficult.

Moreover, technical progress can lead to improvements in production processes and in the quality of goods and services that, if not properly accounted for, can distort measures of value added and thus of growth. When inputs are used to estimate output, as for nonmarket services, unmeasured technical progress leads to underestimates of the volume of output. Similarly, unmeasured improvements in quality lead to underestimates of the value of output and value added. The result can be underestimates of growth and productivity improvement and overestimates of inflation.

Informal economic activities pose a particular measurement problem, especially in developing countries, where much economic activity is unrecorded. A complete picture of the economy requires estimating household outputs produced for home use, sales in informal markets, barter exchanges, and illicit or deliberately unreported activities. The consistency and completeness of such estimates depend on the skill and methods of the compiling statisticians.

Rebasing of national accounts can alter the measured growth rate of an economy and lead to breaks in series that affect the consistency of data over time. When countries rebase their national accounts, they update the weights assigned to various components to better reflect current patterns of production or uses of output. The new base year should represent normal operation of the economy - it should be a year without major shocks or distortions. Some developing countries have not rebased their national accounts for many years. Using an old base year can be misleading because implicit price and volume weights become progressively less relevant and useful.

To obtain comparable series of constant price data for computing aggregates, the World Bank rescales GDP and value added by industrial origin to a common reference year. Because rescaling changes the implicit weights used in forming regional and income group aggregates, aggregate growth rates are not comparable with those from earlier editions with different base years. Rescaling may result in a discrepancy between the rescaled GDP and the sum of the rescaled components. To avoid distortions in the growth rates, the discrepancy is left unallocated. As a result, the weighted average of the growth rates of the components generally does not equal the GDP growth rate.",,,,,https://datacatalog.worldbank.org/public-licenses#cc-by,,,,,,
BX.KLT.DINV.WD.GD.ZS,CC BY-4.0,"Foreign direct investment, net inflows (% of GDP)","Foreign direct investment are the net inflows of investment to acquire a lasting management interest (10 percent or more of voting stock) in an enterprise operating in an economy other than that of the investor. It is the sum of equity capital, reinvestment of earnings, other long-term capital, and short-term capital as shown in the balance of payments. This series shows net inflows (new investment inflows less disinvestment) in the reporting economy from foreign investors, and is divided by GDP.","International Monetary Fund, International Financial Statistics and Balance of Payments databases, World Bank, International Debt Statistics, and World Bank and OECD GDP estimates.",Economic Policy & Debt: Balance of payments: Capital & financial account,Annual,Weighted average,"Data on equity flows are based on balance of payments data reported by the International Monetary Fund (IMF). Foreign direct investment (FDI) data are supplemented by the World Bank staff estimates using data from the United Nations Conference on Trade and Development (UNCTAD) and official national sources.

The internationally accepted definition of FDI (from the sixth edition of the IMF's Balance of Payments Manual [2009]), includes the following components: equity investment, including investment associated with equity that gives rise to control or influence; investment in indirectly influenced or controlled enterprises; investment in fellow enterprises; debt (except selected debt); and reverse investment. The Framework for Direct Investment Relationships provides criteria for determining whether cross-border ownership results in a direct investment relationship, based on control and influence. Distinguished from other kinds of international investment, FDI is made to establish a lasting interest in or effective management control over an enterprise in another country. A lasting interest in an investment enterprise typically involves establishing warehouses, manufacturing facilities, and other permanent or long-term organizations abroad. Direct investments may take the form of greenfield investment, where the investor starts a new venture in a foreign country by constructing new operational facilities; joint venture, where the investor enters into a partnership agreement with a company abroad to establish a new enterprise; or merger and acquisition, where the investor acquires an existing enterprise abroad. The IMF suggests that investments should account for at least 10 percent of voting stock to be counted as FDI. In practice many countries set a higher threshold. Many countries fail to report reinvested earnings, and the definition of long-term loans differs among countries. BoP refers to Balance of Payments.","Private financial flows - equity and debt - account for the bulk of development finance. Equity flows comprise foreign direct investment (FDI) and portfolio equity. Debt flows are financing raised through bond issuance, bank lending, and supplier credits.","FDI data do not give a complete picture of international investment in an economy. Balance of payments data on FDI do not include capital raised locally, an important source of investment financing in some developing countries. In addition, FDI data omit nonequity cross-border transactions such as intra-unit flows of goods and services.

The volume of global private financial flows reported by the World Bank generally differs from that reported by other sources because of differences in sources, classification of economies, and method used to adjust and disaggregate reported information. In addition, particularly for debt financing, differences may also reflect how some installments of the transactions and certain offshore issuances are treated.

Data on equity flows are shown for all countries for which data are available.",Note: Data starting from 2005 are based on the sixth edition of the IMF's Balance of Payments Manual (BPM6).,,,,https://datacatalog.worldbank.org/public-licenses#cc-by,,,,,,
EN.ATM.CO2E.KT,Attribution-NonCommercial 4.0 International (CC BY-NC 4.0),CO2 emissions (kt),"Carbon dioxide emissions are those stemming from the burning of fossil fuels and the manufacture of cement. They include carbon dioxide produced during consumption of solid, liquid, and gas fuels and gas flaring.","Climate Watch Historical GHG Emissions (1990-2020). 2023. Washington, DC: World Resources Institute. Available online at: https://www.climatewatchdata.org/ghg-emissions",Environment: Emissions,Annual,Gap-filled total,"Carbon dioxide emissions, largely by-products of energy production and use, account for the largest share of greenhouse gases, which are associated with global warming. Anthropogenic carbon dioxide emissions result primarily from fossil fuel combustion and cement manufacturing. In combustion different fossil fuels release different amounts of carbon dioxide for the same level of energy use: oil releases about 50 percent more carbon dioxide than natural gas, and coal releases about twice as much. Cement manufacturing releases about half a metric ton of carbon dioxide for each metric ton of cement produced. Data for carbon dioxide emissions include gases from the burning of fossil fuels and cement manufacture, but excludes emissions from land use such as deforestation. The unit of measurement is kt (kiloton). Carbon dioxide emissions are often calculated and reported as elemental carbon. The were converted to actual carbon dioxide mass by multiplying them by 3.667 (the ratio of the mass of carbon to that of carbon dioxide).","Carbon dioxide (CO2) is naturally occurring gas fixed by photosynthesis into organic matter. A byproduct of fossil fuel combustion and biomass burning, it is also emitted from land use changes and other industrial processes. It is the principal anthropogenic greenhouse gas that affects the Earth's radiative balance. It is the reference gas against which other greenhouse gases are measured, thus having a Global Warming Potential of 1.

Burning of carbon-based fuels since the industrial revolution has rapidly increased concentrations of atmospheric carbon dioxide, increasing the rate of global warming and causing anthropogenic climate change. It is also a major source of ocean acidification since it dissolves in water to form carbonic acid.

The addition of man-made greenhouse gases to the Atmosphere disturbs the earth's radiative balance. This is leading to an increase in the earth's surface temperature and to related effects on climate, sea level rise and world agriculture. Emissions of CO2 are from burning oil, coal and gas for energy use, burning wood and waste materials, and from industrial processes such as cement production.

Emission intensity is the average emission rate of a given pollutant from a given source relative to the intensity of a specific activity. Emission intensities are also used to compare the environmental impact of different fuels or activities. The related terms - emission factor and carbon intensity - are often used interchangeably.

The carbon dioxide emissions of a country are only an indicator of one greenhouse gas. For a more complete idea of how a country influences climate change, gases such as methane and nitrous oxide should be taken into account. This is particularly important in agricultural economies.

The environmental effects of carbon dioxide are of significant interest. Carbon dioxide (CO2) makes up the largest share of the greenhouse gases contributing to global warming and climate change. Converting all other greenhouse gases (methane (CH4), nitrous oxide (N2O), hydrofluorocarbons (HFCs), perfluorocarbons (PFCs), sulphur hexafluoride (SF6)) to carbon dioxide (or CO2) equivalents makes it possible to compare them and to determine their individual and total contributions to global warming. The Kyoto Protocol, an environmental agreement adopted in 1997 by many of the parties to the United Nations Framework Convention on Climate Change (UNFCCC), is working towards curbing CO2 emissions globally.",This series excludes Land-use Change & Forestry (LUCF). ,,,,,,,,,,,
,,,,,,,,,,,,,,,,,,,,,
The world data includes international bunker fuel-related emissions and emissions from territories not part of the United Nations Framework Convention on Climate Change (UNFCCC).,,,,,https://creativecommons.org/licenses/by-nc/4.0/,,,,,,,,,,,,,,,,
AG.LND.FRST.K2,CC BY-4.0,Forest area (sq. km),"Forest area is land under natural or planted stands of trees of at least 5 meters in situ, whether productive or not, and excludes tree stands in agricultural production systems (for example, in fruit plantations and agroforestry systems) and trees in urban parks and gardens.","Food and Agriculture Organization, electronic files and web site.",Environment: Land use,Annual,Sum,"Forest is determined both by the presence of trees and the absence of other predominant land uses. The trees should reach a minimum height of 5 meters in situ. Areas under reforestation that have not yet reached but are expected to reach a canopy cover of 10 percent and a tree height of 5 meters are included, as are temporarily unstocked areas, resulting from human intervention or natural causes, which are expected to regenerate.

FAO provides detail information on forest cover, and adjusted estimates of forest cover. The current survey uses a uniform definition of forest. Although FAO provides a breakdown of forest cover between natural forest and plantation for developing countries, this indictor data does not reflect that breakdown. Thus the deforestation data may underestimate the rate at which natural forest is disappearing in some countries.","As threats to biodiversity mount, the international community is increasingly focusing on conserving diversity. Deforestation is a major cause of loss of biodiversity, and habitat conservation is vital for stemming this loss. Conservation efforts have focused on protecting areas of high biodiversity.

On a global average, more than one-third of all forest is primary forest, i.e. forest of native species where there are no clearly visible indications of human activities and the ecological processes have not been significantly disturbed. Primary forests, in particular tropical moist forests, include the most species-rich, diverse terrestrial ecosystems. The decrease of primary forest area, 0.4 percent over a ten-year period, is largely due to reclassification of primary forest to other naturally regenerated forest"" because of selective logging and other human interventions.",,,,,,,,,,,,
,,,,,,,,,,,,,,,,,,,,,
National parks, game reserves, wilderness areas and other legally established protected areas cover more than 10 percent of the total forest area in most countries and regions. FAO estimates that around 10 million people are employed in forest management and conservation - but many more are directly dependent on forests for their livelihoods. Also, 80 about percent of the world's forests are publicly owned, but ownership and management of forests by communities, individuals and private companies is on the rise.,,,,,,,,,,,,,,,,
,,,,,,,,,,,,,,,,,,,,,
"Close to 1.2 billion hectares of forest are managed primarily for the production of wood and non-wood forest products. An additional 25 percent of forest area is designated for multiple uses - in most cases including the production of wood and non-wood forest products. The area designated primarily for productive purposes has decreased by more than 50 million hectares since 1990 as forests have been designated for other purposes.""","The Food and Agricultural Organization (FAO) has been collecting and analyzing data on forest area since 1946. This is done at intervals of 5-10 years as part of the Global Forest Resources Assessment (FRA). FAO reports data for 229 countries and territories; for the remaining 56 small island states and territories where no information is provided, a report is prepared by FAO using existing information and a literature search. The data are aggregated at sub-regional, regional and global levels by the FRA team at FAO, and estimates are produced by straight summation.

The lag between the reference year and the actual production of data series as well as the frequency of data production varies between countries. Deforested areas do not include areas logged but intended for regeneration or areas degraded by fuelwood gathering, acid precipitation, or forest fires. Negative numbers indicate an increase in forest area.

Data includes areas with bamboo and palms; forest roads, firebreaks and other small open areas; forest in national parks, nature reserves and other protected areas such as those of specific scientific, historical, cultural or spiritual interest; windbreaks, shelterbelts and corridors of trees with an area of more than 0.5 hectares and width of more than 20 meters; plantations primarily used for forestry or protective purposes, such as rubber-wood plantations and cork oak stands. Data excludes tree stands in agricultural production systems, such as fruit plantations and agroforestry systems. Forest area also excludes trees in urban parks and gardens. The proportion of forest area to total land area is calculated and changes in the proportion are computed to identify trends.",,The world and regional aggregate series do not include data from countries that no longer exist.,,,https://datacatalog.worldbank.org/public-licenses#cc-by,,,,,,,,,,,,,,,
EG.FEC.RNEW.ZS,CC BY-4.0,Renewable energy consumption (% of total final energy consumption),Renewable energy consumption is the share of renewables energy in total final energy consumption.,"IEA, IRENA, UNSD, World Bank, WHO. 2023. Tracking SDG 7: The Energy Progress Report. World Bank, Washington DC. © World Bank. License: Creative Commons AttributionNonCommercial 3.0 IGO (CC BY-NC 3.0 IGO).",Environment: Energy production & use,Annual,Weighted average,,,,,,,,https://datacatalog.worldbank.org/public-licenses#cc-by,,,,,,
RL.EST,CC BY-4.0,Rule of Law: Estimate,"Rule of Law captures perceptions of the extent to which agents have confidence in and abide by the rules of society, and in particular the quality of contract enforcement, property rights, the police, and the courts, as well as the likelihood of crime and violence. Estimate gives the country's score on the aggregate indicator, in units of a standard normal distribution, i.e. ranging from approximately -2.5 to 2.5.","Detailed documentation of the WGI, interactive tools for exploring the data, and full access to the underlying source data available at www.govindicators.org. The WGI are produced by Daniel Kaufmann (Natural Resource Governance Institute and Brookings Institution) and Aart Kraay (World Bank Development Research Group).  Please cite Kaufmann, Daniel, Aart Kraay and Massimo Mastruzzi (2010).  The Worldwide Governance Indicators:  Methodology and Analytical Issues"".  World Bank Policy Research Working Paper No. 5430 (http://papers.ssrn.com/sol3/papers.cfm?abstract_id=1682130).  The WGI do not reflect the official views of the Natural Resource Governance Institute", the Brookings Institution, the World Bank, its Executive Directors," or the countries they represent.""",Public Sector: Policy & institutions,Annual,,,,,,"The Worldwide Governance Indicators (WGI) are a research dataset summarizing the views on the quality of governance provided by a large number of enterprise, citizen and expert survey respondents in industrial and developing countries. These data are gathered from a number of survey institutes, think tanks, non-governmental organizations, international organizations, and private sector firms. The WGI do not reflect the official views of the Natural Resource Governance Institute, the Brookings Institution, the World Bank, its Executive Directors, or the countries they represent. The WGI are not used by the World Bank Group to allocate resources.",,Worldwide Governance Indicators website (https://info.worldbank.org/governance/wgi/),https://datacatalog.worldbank.org/public-licenses#cc-by,,
CC.EST,CC BY-4.0,Control of Corruption: Estimate,"Control of Corruption captures perceptions of the extent to which public power is exercised for private gain, including both petty and grand forms of corruption, as well as capture"" of the state by elites and private interests. Estimate gives the country's score on the aggregate indicator", in units of a standard normal distribution," i.e. ranging from approximately -2.5 to 2.5.""","Detailed documentation of the WGI, interactive tools for exploring the data, and full access to the underlying source data available at www.govindicators.org. The WGI are produced by Daniel Kaufmann (Natural Resource Governance Institute and Brookings Institution) and Aart Kraay (World Bank Development Research Group).  Please cite Kaufmann, Daniel, Aart Kraay and Massimo Mastruzzi (2010).  The Worldwide Governance Indicators:  Methodology and Analytical Issues"".  World Bank Policy Research Working Paper No. 5430 (http://papers.ssrn.com/sol3/papers.cfm?abstract_id=1682130).  The WGI do not reflect the official views of the Natural Resource Governance Institute", the Brookings Institution, the World Bank, its Executive Directors," or the countries they represent.""",Public Sector: Policy & institutions,Annual,,,,,,"The Worldwide Governance Indicators (WGI) are a research dataset summarizing the views on the quality of governance provided by a large number of enterprise, citizen and expert survey respondents in industrial and developing countries. These data are gathered from a number of survey institutes, think tanks, non-governmental organizations, international organizations, and private sector firms. The WGI do not reflect the official views of the Natural Resource Governance Institute, the Brookings Institution, the World Bank, its Executive Directors, or the countries they represent. The WGI are not used by the World Bank Group to allocate resources.",,Worldwide Governance Indicators website (https://info.worldbank.org/governance/wgi/),https://datacatalog.worldbank.org/public-licenses#cc-by
GE.EST,CC BY-4.0,Government Effectiveness: Estimate,"Government Effectiveness captures perceptions of the quality of public services, the quality of the civil service and the degree of its independence from political pressures, the quality of policy formulation and implementation, and the credibility of the government's commitment to such policies. Estimate gives the country's score on the aggregate indicator, in units of a standard normal distribution, i.e. ranging from approximately -2.5 to 2.5.","Detailed documentation of the WGI, interactive tools for exploring the data, and full access to the underlying source data available at www.govindicators.org. The WGI are produced by Daniel Kaufmann (Natural Resource Governance Institute and Brookings Institution) and Aart Kraay (World Bank Development Research Group).  Please cite Kaufmann, Daniel, Aart Kraay and Massimo Mastruzzi (2010).  The Worldwide Governance Indicators:  Methodology and Analytical Issues"".  World Bank Policy Research Working Paper No. 5430 (http://papers.ssrn.com/sol3/papers.cfm?abstract_id=1682130).  The WGI do not reflect the official views of the Natural Resource Governance Institute", the Brookings Institution, the World Bank, its Executive Directors," or the countries they represent.""",Public Sector: Policy & institutions,Annual,,,,,,"The Worldwide Governance Indicators (WGI) are a research dataset summarizing the views on the quality of governance provided by a large number of enterprise, citizen and expert survey respondents in industrial and developing countries. These data are gathered from a number of survey institutes, think tanks, non-governmental organizations, international organizations, and private sector firms. The WGI do not reflect the official views of the Natural Resource Governance Institute, the Brookings Institution, the World Bank, its Executive Directors, or the countries they represent. The WGI are not used by the World Bank Group to allocate resources.",,Worldwide Governance Indicators website (https://info.worldbank.org/governance/wgi/),https://datacatalog.worldbank.org/public-licenses#cc-by,,
NE.EXP.GNFS.ZS,CC BY-4.0,Exports of goods and services (% of GDP),"Exports of goods and services represent the value of all goods and other market services provided to the rest of the world. They include the value of merchandise, freight, insurance, transport, travel, royalties, license fees, and other services, such as communication, construction, financial, information, business, personal, and government services. They exclude compensation of employees and investment income (formerly called factor services) and transfer payments.","World Bank national accounts data, and OECD National Accounts data files.",Economic Policy & Debt: National accounts: Shares of GDP & other,Annual,Weighted average,"Gross domestic product (GDP) from the expenditure side is made up of household final consumption expenditure, general government final consumption expenditure, gross capital formation (private and public investment in fixed assets, changes in inventories, and net acquisitions of valuables), and net exports (exports minus imports) of goods and services. Such expenditures are recorded in purchaser prices and include net taxes on products.",,"Because policymakers have tended to focus on fostering the growth of output, and because data on production are easier to collect than data on spending, many countries generate their primary estimate of GDP using the production approach. Moreover, many countries do not estimate all the components of national expenditures but instead derive some of the main aggregates indirectly using GDP (based on the production approach) as the control total.

Data on exports and imports are compiled from customs reports and balance of payments data. Although the data from the payments side provide reasonably reliable records of cross-border transactions, they may not adhere strictly to the appropriate definitions of valuation and timing used in the balance of payments or corresponds to the change-of ownership criterion. This issue has assumed greater significance with the increasing globalization of international business. Neither customs nor balance of payments data usually capture the illegal transactions that occur in many countries. Goods carried by travelers across borders in legal but unreported shuttle trade may further distort trade statistics.",,,,,https://datacatalog.worldbank.org/public-licenses#cc-by,,,,,,
TX.VAL.MANF.ZS.UN,CC BY-4.0,Manufactures exports (% of merchandise exports),"Manufactures comprise commodities in SITC sections 5 (chemicals), 6 (basic manufactures), 7 (machinery and transport equipment), and 8 (miscellaneous manufactured goods), excluding division 68 (non-ferrous metals).",World Bank staff estimates through the WITS platform from the Comtrade database maintained by the United Nations Statistics Division.,Private Sector & Trade: Exports,Annual,Weighted average,The classification of commodity groups is based on the Standard International Trade Classification (SITC) revision 3.,,Previous editions contained data based on the SITC revision 1. Data for earlier years in previous editions may differ because of the change in methodology. Concordance tables are available to convert data reported in one system to another.,Merchandise export shares may not sum to 100 percent because of unclassified trade.,,,,https://datacatalog.worldbank.org/public-licenses#cc-by,,,,,,
NE.TRD.GNFS.ZS,CC BY-4.0,Trade (% of GDP),Trade is the sum of exports and imports of goods and services measured as a share of gross domestic product.,"World Bank national accounts data, and OECD National Accounts data files.",Economic Policy & Debt: National accounts: Shares of GDP & other,Annual,Weighted average,,,,,,,,https://datacatalog.worldbank.org/public-licenses#cc-by,,,,,,
TX.VAL.MRCH.CD.WT,CC BY-4.0,Merchandise exports (current US$),Merchandise exports show the f.o.b. value of goods provided to the rest of the world valued in current U.S. dollars.,World Trade Organization.,Private Sector & Trade: Exports,Annual,Gap-filled total,"Merchandise trade data are from customs reports of goods moving into or out of an economy or from reports of financial transactions related to merchandise trade recorded in the balance of payments. Because of differences in timing and definitions, trade flow estimates from customs reports and balance of payments may differ. Several international agencies process trade data, each correcting unreported or misreported data, leading to other differences.

The data on total exports of goods (merchandise) are from the World Trade Organization (WTO), which obtains data from national statistical offices and the IMF's International Financial Statistics, supplemented by the Comtrade database and publications or databases of regional organizations, specialized agencies, economic groups, and private sources (such as Eurostat, the Food and Agriculture Organization, and country reports of the Economist Intelligence Unit). Country websites and email contact have improved collection of up-to-date statistics, reducing the proportion of estimates. The WTO database now covers most major traders in Africa, Asia, and Latin America, which together with high-income countries account for nearly 95 percent of world trade. Reliability of data for countries in Europe and Central Asia has also improved.",,"Exports are recorded as the cost of the goods delivered to the frontier of the exporting country for shipment - the free on board (f.o.b.) value.

Countries may report trade according to the general or special system of trade. Under the general system exports comprise outward-moving goods that are (a) goods wholly or partly produced in the country; (b) foreign goods, neither transformed nor declared for domestic consumption in the country, that move outward from customs storage; and (c) goods previously included as imports for domestic consumption but subsequently exported without transformation. Under the special system exports comprise categories a and c. In some compilations categories b and c are classified as re-exports. Because of differences in reporting practices, data on exports may not be fully comparable across economies.

Data on exports of goods are derived from the same sources as data on imports. In principle, world exports and imports should be identical. Similarly, exports from an economy should equal the sum of imports by the rest of the world from that economy. But differences in timing and definitions result in discrepancies in reported values at all levels.",,,,,https://datacatalog.worldbank.org/public-licenses#cc-by,,,,,,
GC.TAX.TOTL.GD.ZS,CC BY-4.0,Tax revenue (% of GDP),"Tax revenue refers to compulsory transfers to the central government for public purposes. Certain compulsory transfers such as fines, penalties, and most social security contributions are excluded. Refunds and corrections of erroneously collected tax revenue are treated as negative revenue.","International Monetary Fund, Government Finance Statistics Yearbook and data files, and World Bank and OECD GDP estimates.",Public Sector: Government finance: Revenue,Annual,Weighted average,"The IMF's Government Finance Statistics Manual 2014, harmonized with the 2008 SNA, recommends an accrual accounting method, focusing on all economic events affecting assets, liabilities, revenues, and expenses, not just those represented by cash transactions. It accounts for all changes in stocks, so stock data at the end of an accounting period equal stock data at the beginning of the period plus flows over the period. The 1986 manual considered only debt stocks.

Government finance statistics are reported in local currency. Many countries report government finance data by fiscal year; see country metadata for information on fiscal year end by country.",,"For most countries central government finance data have been consolidated into one account, but for others only budgetary central government accounts are available. Countries reporting budgetary data are noted in the country metadata. Because budgetary accounts may not include all central government units (such as social security funds), they usually provide an incomplete picture. In federal states the central government accounts provide an incomplete view of total public finance.

Data on government revenue and expense are collected by the IMF through questionnaires to member countries and by the Organisation for Economic Co-operation and Development (OECD). Despite IMF efforts to standardize data collection, statistics are often incomplete, untimely, and not comparable across countries.",,,,,https://datacatalog.worldbank.org/public-licenses#cc-by,,,,,,
SP.DYN.LE00.IN,CC BY-4.0,"Life expectancy at birth, total (years)",Life expectancy at birth indicates the number of years a newborn infant would live if prevailing patterns of mortality at the time of its birth were to stay the same throughout its life.,"(1) United Nations Population Division. World Population Prospects: 2022 Revision, or derived from male and female life expectancy at birth from sources such as: (2) Census reports and other statistical publications from national statistical offices, (3) Eurostat: Demographic Statistics, (4) United Nations Statistical Division. Population and Vital Statistics Reprot (various years), (5) U.S. Census Bureau: International Database, and (6) Secretariat of the Pacific Community: Statistics and Demography Programme.",Health: Mortality,Annual,Weighted average,"Life expectancy at birth used here is the average number of years a newborn is expected to live if mortality patterns at the time of its birth remain constant in the future. It reflects the overall mortality level of a population, and summarizes the mortality pattern that prevails across all age groups in a given year. It is calculated in a period life table which provides a snapshot of a population's mortality pattern at a given time. It therefore does not reflect the mortality pattern that a person actually experiences during his/her life, which can be calculated in a cohort life table.

High mortality in young age groups significantly lowers the life expectancy at birth. But if a person survives his/her childhood of high mortality, he/she may live much longer. For example, in a population with a life expectancy at birth of 50, there may be few people dying at age 50. The life expectancy at birth may be low due to the high childhood mortality so that once a person survives his/her childhood, he/she may live much longer than 50 years.","Mortality rates for different age groups (infants, children, and adults) and overall mortality indicators (life expectancy at birth or survival to a given age) are important indicators of health status in a country. Because data on the incidence and prevalence of diseases are frequently unavailable, mortality rates are often used to identify vulnerable populations. And they are among the indicators most frequently used to compare socioeconomic development across countries.",Annual data series from United Nations Population Division's World Population Prospects are interpolated data from 5-year period data. Therefore they may not reflect real events as much as observed data.,,,,,https://datacatalog.worldbank.org/public-licenses#cc-by,,,,,,
SH.XPD.GHED.GD.ZS,CC BY-4.0,Domestic general government health expenditure (% of GDP),Public expenditure on health from domestic sources as a share of the economy as measured by GDP.,"World Health Organization Global Health Expenditure database (http://apps.who.int/nha/database). The data was retrieved on April 7, 2023.",Health: Health systems,Annual,Weighted average,"The health expenditure estimates have been prepared by the World Health Organization under the framework of the System of Health Accounts 2011 (SHA 2011).  The Health SHA 2011 tracks all health spending in a given country over a defined period of time regardless of the entity or institution that financed and managed that spending. It generates consistent and comprehensive data on health spending in a country, which in turn can contribute to evidence-based policy-making.","Strengthening health financing is one objective of Sustainable Development Goal 3 (SDG target 3.c).  The levels and trends of health expenditure data identify key issues such as weaknesses and strengths and areas that need investment, for instance additional health facilities, better health information systems, or better trained human resources.  Health financing is also critical for reaching universal health coverage (UHC) defined as all people obtaining the quality health services they need without suffering financial hardship (SDG 3.8).  The data on out-of-pocket spending is a key indicator with regard to financial protection and hence of progress towards UHC.",,,,The World Health Organization (WHO) has revised health expenditure data using the new international classification for health expenditures in the revised System of Health Accounts (SHA 2011).  WHOs Global Health Expenditure Database in this new version is the reference source for health expenditure for international comparison imbedded in a standardized framework.  The SHA 2011 clarifies the financing mechanisms and introduces new dimensions which improve the comparability of health expenditures in the perspective of universal health coverage.,,https://datacatalog.worldbank.org/public-licenses#cc-by,,,,,,
SH.MED.PHYS.ZS,CC BY-4.0,"Physicians (per 1,000 people)",Physicians include generalist and specialist medical practitioners.,"World Health Organization's Global Health Workforce Statistics, OECD, supplemented by country data.",Health: Health systems,Annual,Weighted average,"Health systems - the combined arrangements of institutions and actions whose primary purpose is to promote, restore, or maintain health (World Health Organization, World Health Report 2000) - are increasingly being recognized as key to combating disease and improving the health status of populations. The World Bank's Healthy Development: Strategy for Health, Nutrition, and Population Results emphasizes the need to strengthen health systems, which are weak in many countries, in order to increase the effectiveness of programs aimed at reducing specific diseases and further reduce morbidity and mortality. To evaluate health systems, the World Health Organization (WHO) has recommended that key components - such as financing, service delivery, workforce, governance, and information - be monitored using several key indicators. The data are a subset of the key indicators. Monitoring health systems allows the effectiveness, efficiency, and equity of different health system models to be compared. Health system data also help identify weaknesses and strengths and areas that need investment, such as additional health facilities, better health information systems, or better trained human resources.

Data on health worker (physicians, nurses and midwives, and community health workers) density show the availability of medical personnel.","The WHO estimates that at least 2.5 medical staff (physicians, nurses and midwives) per 1,000 people are needed to provide adequate coverage with primary care interventions (WHO, World Health Report 2006).","The WHO compiles data from household and labor force surveys, censuses, and administrative records. Data comparability is limited by differences in definitions and training of medical personnel varies. In addition, human resources tend to be concentrated in urban areas, so that average densities do not provide a full picture of health personnel available to the entire population.",This is the Sustainable Development Goal indicator 3.c.1 [https://unstats.un.org/sdgs/metadata/].,,,,https://datacatalog.worldbank.org/public-licenses#cc-by,,,,,,